date,rainfall_imd_mm,temp_max_c,temp_min_c,pressure_hpa,wind_speed_kmh,relative_humidity_pct
2019-01-01,0.0,35.69,28.75,1008.48,18.74,58.84
2019-01-02,8.76,36.89,29.8,1008.29,14.48,53.01
2019-01-03,0.0,34.29,24.62,1007.16,12.72,51.29
2019-01-04,0.0,40.59,33.39,1007.66,21.68,56.97
2019-01-05,2.34,36.37,29.78,1009.28,12.78,64.96
2019-01-06,1.71,39.13,31.26,1006.07,22.76,61.48
2019-01-07,8.73,37.84,26.3,1008.8,15.84,56.11
2019-01-08,0.0,38.86,30.72,1007.19,15.03,46.18
2019-01-09,4.05,35.87,29.84,1008.67,16.76,60.65
2019-01-10,0.0,35.47,24.29,1007.54,9.48,60.5
2019-01-11,0.93,39.42,29.59,1006.6,14.02,60.3
2019-01-12,3.12,37.7,27.07,1010.12,24.9,51.33
2019-01-13,0.0,37.06,29.18,1007.55,16.71,55.1
2019-01-14,0.0,39.76,32.39,1007.22,13.36,52.87
2019-01-15,6.64,37.73,26.5,1009.34,14.07,59.56
2019-01-16,0.0,39.38,28.01,1008.26,11.89,53.36
2019-01-17,0.0,39.11,27.94,1007.56,14.02,53.83
2019-01-18,0.0,35.68,27.66,1007.57,13.52,57.02
2019-01-19,0.0,34.51,22.68,1010.11,8.24,54.87
2019-01-20,0.0,36.52,27.5,1007.35,13.42,56.51
2019-01-21,1.68,38.52,31.09,1009.03,12.01,62.42
2019-01-22,0.0,37.33,30.78,1011.29,12.52,59.62
2019-01-23,0.1,39.48,33.39,1009.3,9.37,55.37
2019-01-24,0.0,37.07,28.74,1006.63,11.65,53.39
2019-01-25,0.0,35.2,25.24,1008.83,14.68,61.54
2019-01-26,0.0,35.19,23.8,1007.69,14.78,58.91
2019-01-27,0.0,38.36,26.97,1006.7,14.75,56.73
2019-01-28,0.0,36.13,30.08,1009.27,14.88,51.43
2019-01-29,0.44,39.34,29.43,1008.68,16.31,50.36
2019-01-30,0.0,37.85,27.95,1006.77,15.27,59.7
2019-01-31,0.0,34.97,27.37,1006.87,16.64,53.8
2019-02-01,0.0,35.41,25.95,1010.18,9.78,54.83
2019-02-02,0.0,33.17,21.53,1008.72,13.63,58.7
2019-02-03,0.0,33.54,22.44,1005.73,11.22,52.44
2019-02-04,0.0,35.51,26.09,1008.58,14.69,50.96
2019-02-05,0.0,35.21,23.95,1006.29,16.62,60.33
2019-02-06,0.0,32.27,21.41,1006.59,14.91,56.29
2019-02-07,0.0,35.99,25.2,1013.78,17.99,59.94
2019-02-08,0.0,34.26,26.01,1009.14,14.5,50.72
2019-02-09,1.57,31.25,21.7,1008.44,12.98,60.91
2019-02-10,1.85,33.33,23.59,1008.91,21.63,64.77
2019-02-11,0.0,30.64,19.87,1008.28,12.67,46.65
2019-02-12,0.06,33.08,26.04,1010.49,12.59,51.75
2019-02-13,0.0,36.46,28.78,1009.9,20.37,60.16
2019-02-14,0.0,33.04,22.49,1006.08,15.33,58.87
2019-02-15,0.0,34.4,25.56,1006.6,13.24,48.76
2019-02-16,0.0,37.47,31.2,1009.98,18.32,47.82
2019-02-17,0.0,35.13,28.16,1009.36,14.6,52.0
2019-02-18,2.2,34.49,26.16,1008.86,12.71,66.22
2019-02-19,0.0,33.9,22.14,1008.88,12.54,56.04
2019-02-20,0.0,32.97,26.27,1009.27,16.86,62.26
2019-02-21,0.0,35.72,28.03,1008.94,15.66,51.45
2019-02-22,0.0,34.0,25.77,1008.18,11.99,60.81
2019-02-23,0.0,33.56,23.05,1009.65,12.78,56.31
2019-02-24,0.0,36.55,28.63,1008.03,13.28,59.27
2019-02-25,5.89,33.35,21.65,1006.73,15.76,59.74
2019-02-26,0.0,30.26,22.29,1007.33,17.47,58.96
2019-02-27,0.0,32.4,23.1,1007.99,16.93,54.26
2019-02-28,0.0,34.98,28.37,1010.04,14.73,52.47
2019-03-01,4.31,32.76,26.26,1008.09,18.54,53.91
2019-03-02,0.0,32.23,21.56,1007.68,7.89,62.85
2019-03-03,0.0,33.58,27.51,1006.5,11.95,54.76
2019-03-04,0.31,36.12,26.62,1009.14,13.75,57.1
2019-03-05,0.0,32.85,21.07,1008.69,14.67,55.06
2019-03-06,2.02,33.55,23.77,1008.63,13.21,64.91
2019-03-07,0.0,35.21,28.94,1008.28,13.67,59.88
2019-03-08,0.0,31.75,22.97,1007.1,17.1,45.95
2019-03-09,9.16,29.57,18.69,1007.99,13.6,60.21
2019-03-10,0.0,34.85,26.34,1010.21,17.54,52.65
2019-03-11,0.0,33.92,25.64,1006.35,13.66,61.19
2019-03-12,0.0,33.08,21.9,1007.92,14.02,55.23
2019-03-13,0.0,32.65,25.87,1005.6,14.36,57.57
2019-03-14,0.0,35.37,27.22,1010.31,15.0,51.26
2019-03-15,0.0,33.45,22.34,1010.33,20.18,63.78
2019-03-16,0.0,31.15,24.98,1007.6,15.94,61.84
2019-03-17,0.0,32.3,26.22,1007.49,17.18,46.21
2019-03-18,0.0,34.92,26.83,1007.79,18.51,55.37
2019-03-19,0.0,35.09,23.4,1008.5,8.89,54.72
2019-03-20,0.0,33.1,25.13,1008.6,10.09,58.35
2019-03-21,0.34,33.83,26.74,1006.57,16.33,53.65
2019-03-22,0.0,31.11,23.95,1008.76,11.55,52.2
2019-03-23,0.32,30.2,22.01,1007.69,19.97,55.27
2019-03-24,4.02,31.65,20.41,1008.08,17.56,53.1
2019-03-25,0.0,31.98,23.76,1007.14,21.12,53.45
2019-03-26,0.0,36.32,30.1,1007.63,16.55,50.06
2019-03-27,0.0,39.18,32.54,1009.68,18.57,42.72
2019-03-28,0.0,31.5,25.38,1005.87,10.82,51.73
2019-03-29,0.0,36.38,25.65,1009.32,11.38,54.98
2019-03-30,0.0,36.05,27.46,1008.81,12.84,51.66
2019-03-31,0.0,34.85,26.72,1010.86,14.08,55.64
2019-04-01,0.0,31.7,24.58,1007.27,11.51,52.27
2019-04-02,0.0,33.1,24.64,1006.75,15.17,54.58
2019-04-03,0.0,31.85,24.82,1009.13,15.58,56.04
2019-04-04,0.0,29.67,19.05,1008.82,12.31,49.99
2019-04-05,0.0,29.76,23.07,1008.07,9.43,58.99
2019-04-06,0.0,32.88,23.69,1006.18,13.55,52.96
2019-04-07,0.16,31.82,21.73,1009.13,15.63,62.26
2019-04-08,0.0,29.49,17.92,1006.45,15.11,51.98
2019-04-09,0.0,34.02,22.97,1010.37,15.01,52.94
2019-04-10,0.0,32.42,21.53,1007.52,14.87,65.38
2019-04-11,0.0,32.53,21.63,1009.42,7.89,49.96
2019-04-12,0.0,35.19,26.17,1006.73,14.98,53.9
2019-04-13,0.0,34.89,25.14,1008.14,9.56,60.72
2019-04-14,3.95,34.39,23.02,1011.17,13.53,58.2
2019-04-15,0.0,34.8,28.6,1006.72,18.53,57.01
2019-04-16,0.0,35.24,28.57,1007.23,17.86,52.78
2019-04-17,0.65,35.11,25.26,1009.42,15.4,64.58
2019-04-18,0.0,31.09,19.64,1007.23,8.66,62.48
2019-04-19,0.0,33.59,23.92,1011.97,14.33,58.63
2019-04-20,0.0,33.69,26.78,1008.66,19.65,61.73
2019-04-21,0.0,33.65,22.1,1008.15,11.03,54.37
2019-04-22,0.0,38.39,30.0,1008.79,13.53,52.87
2019-04-23,0.0,35.05,23.53,1004.52,10.13,48.52
2019-04-24,0.0,30.37,21.66,1007.61,13.26,53.64
2019-04-25,0.0,35.02,26.85,1007.76,19.55,60.63
2019-04-26,2.72,32.91,26.4,1006.18,14.68,56.61
2019-04-27,0.0,33.51,26.25,1007.96,13.66,55.78
2019-04-28,0.09,38.66,32.27,1006.33,13.26,62.55
2019-04-29,0.0,29.4,20.05,1006.14,12.97,53.14
2019-04-30,0.0,33.3,25.68,1008.79,10.67,63.76
2019-05-01,114.98,35.51,29.35,1003.01,40.63,85.85
2019-05-02,0.27,32.64,22.72,1008.72,13.02,53.94
2019-05-03,0.0,34.2,25.81,1008.38,10.76,58.08
2019-05-04,0.0,34.43,25.9,1006.12,10.28,50.92
2019-05-05,0.0,35.33,26.88,1005.88,7.75,63.48
2019-05-06,0.0,32.78,21.57,1008.6,16.92,54.85
2019-05-07,0.0,38.23,30.68,1009.01,14.51,54.08
2019-05-08,0.0,32.89,26.78,1006.83,9.11,57.76
2019-05-09,0.0,33.08,27.01,1008.79,14.77,59.91
2019-05-10,0.0,30.39,21.28,1006.08,12.96,55.99
2019-05-11,0.0,31.08,22.94,1006.8,11.07,60.27
2019-05-12,0.0,35.17,24.77,1008.28,15.82,47.4
2019-05-13,169.42,30.86,20.23,999.32,56.25,100.0
2019-05-14,0.0,35.71,24.91,1007.16,10.74,59.65
2019-05-15,0.0,31.71,22.46,1007.66,15.14,58.05
2019-05-16,0.0,36.08,28.58,1008.69,9.42,54.71
2019-05-17,0.0,36.11,29.91,1008.2,10.76,60.27
2019-05-18,0.0,34.45,23.28,1009.02,12.6,59.43
2019-05-19,2.27,33.73,27.27,1007.4,11.44,62.07
2019-05-20,0.95,37.55,29.64,1008.24,16.84,56.7
2019-05-21,0.0,36.15,25.36,1008.07,12.45,62.05
2019-05-22,0.0,33.9,25.37,1010.18,11.38,58.97
2019-05-23,0.0,32.84,25.44,1006.42,13.9,56.17
2019-05-24,0.0,36.89,25.22,1007.68,20.93,51.68
2019-05-25,0.0,37.33,28.25,1010.43,12.09,52.35
2019-05-26,3.78,34.07,22.25,1007.52,19.21,53.28
2019-05-27,4.23,33.72,24.5,1006.69,19.7,65.25
2019-05-28,0.0,33.98,22.64,1007.42,15.63,60.42
2019-05-29,1.31,32.52,22.17,1006.82,11.81,55.35
2019-05-30,0.0,28.38,18.83,1006.69,12.53,60.22
2019-05-31,0.0,36.59,25.8,1007.46,16.8,57.11
2019-06-01,56.55,36.5,26.42,993.89,32.28,100.0
2019-06-02,4.84,35.23,27.22,995.93,13.14,85.93
2019-06-03,47.7,35.19,27.47,993.14,26.5,96.54
2019-06-04,27.98,37.01,26.33,997.57,21.79,88.39
2019-06-05,21.82,38.22,26.62,992.53,18.12,89.52
2019-06-06,10.03,36.14,28.07,994.35,15.07,85.65
2019-06-07,57.46,36.69,30.54,991.76,33.06,98.91
2019-06-08,32.19,33.14,26.15,990.77,23.99,96.59
2019-06-09,179.06,33.55,21.85,986.57,58.1,100.0
2019-06-10,80.52,33.74,26.09,993.66,33.99,100.0
2019-06-11,62.87,33.77,22.58,994.39,31.23,100.0
2019-06-12,5.75,37.77,26.7,996.74,17.36,90.37
2019-06-13,212.07,38.93,30.04,984.01,64.99,100.0
2019-06-14,6.27,36.77,29.16,994.6,13.66,88.86
2019-06-15,97.87,35.69,26.09,986.49,41.54,100.0
2019-06-16,55.08,36.63,30.0,991.84,27.76,92.73
2019-06-17,26.96,36.32,28.36,994.42,18.11,90.28
2019-06-18,93.88,34.85,25.44,989.95,40.44,100.0
2019-06-19,6.25,37.48,27.24,994.43,15.74,80.64
2019-06-20,34.57,38.81,30.77,994.88,22.99,97.12
2019-06-21,47.6,37.9,27.51,996.42,23.95,93.86
2019-06-22,57.51,38.23,28.28,991.69,37.27,98.77
2019-06-23,35.56,35.02,24.93,994.71,22.12,84.33
2019-06-24,56.76,36.39,28.31,994.96,23.5,100.0
2019-06-25,36.17,34.18,24.62,992.97,27.47,99.75
2019-06-26,36.99,38.52,31.44,994.17,24.22,91.64
2019-06-27,18.98,37.3,28.21,996.45,22.19,79.0
2019-06-28,5.0,35.11,24.47,997.44,10.58,82.14
2019-06-29,2.14,33.59,22.62,996.25,9.86,80.5
2019-06-30,26.88,37.17,30.95,993.86,23.26,96.18
2019-07-01,18.02,38.68,27.47,996.87,17.73,86.42
2019-07-02,158.48,37.78,26.18,984.94,53.86,100.0
2019-07-03,1.19,39.96,31.23,996.45,7.99,97.05
2019-07-04,30.78,36.34,26.3,995.12,19.82,100.0
2019-07-05,56.73,40.04,28.37,993.34,28.09,100.0
2019-07-06,26.93,37.49,25.9,994.49,24.05,96.02
2019-07-07,6.8,41.74,35.1,993.87,18.72,82.78
2019-07-08,42.7,39.69,31.26,993.97,28.24,88.67
2019-07-09,46.18,38.05,27.14,995.29,25.91,90.71
2019-07-10,0.16,36.17,26.0,993.52,11.07,71.28
2019-07-11,7.59,42.1,32.38,997.06,9.15,80.86
2019-07-12,55.73,37.99,29.94,992.63,23.76,90.49
2019-07-13,24.3,41.75,30.87,995.39,19.32,91.25
2019-07-14,283.46,37.56,28.64,978.57,82.25,100.0
2019-07-15,10.28,35.33,25.67,995.98,13.6,89.79
2019-07-16,14.94,40.34,33.25,993.65,23.28,87.59
2019-07-17,3.16,42.11,32.81,995.7,15.17,80.8
2019-07-18,84.68,39.5,32.13,990.98,36.67,100.0
2019-07-19,14.82,38.93,31.51,996.24,15.55,90.92
2019-07-20,48.42,38.22,28.48,993.51,32.77,90.34
2019-07-21,5.15,38.94,32.36,996.37,15.42,82.81
2019-07-22,26.16,38.61,29.05,992.38,21.48,89.84
2019-07-23,4.11,36.94,26.63,992.88,16.73,91.37
2019-07-24,91.82,37.69,29.56,989.42,37.06,100.0
2019-07-25,1.96,40.44,29.16,993.55,15.88,93.18
2019-07-26,10.98,41.44,31.05,998.26,14.63,85.01
2019-07-27,23.13,41.2,34.0,993.23,17.04,89.35
2019-07-28,16.76,42.83,32.06,993.17,14.91,85.45
2019-07-29,136.94,42.71,33.58,988.0,45.99,100.0
2019-07-30,39.41,41.36,31.11,994.51,21.5,87.17
2019-07-31,2.57,36.76,28.38,996.61,21.11,77.11
2019-08-01,20.3,41.01,29.9,994.78,19.32,87.6
2019-08-02,13.41,41.12,30.37,995.68,15.83,84.84
2019-08-03,14.44,38.58,26.73,997.1,20.87,88.71
2019-08-04,3.98,40.68,31.04,996.99,13.04,85.84
2019-08-05,19.55,40.05,33.65,993.34,19.06,90.51
2019-08-06,94.53,41.0,32.36,987.36,38.48,100.0
2019-08-07,6.82,39.01,32.64,996.22,15.06,91.5
2019-08-08,1.68,41.31,29.4,995.39,12.73,80.45
2019-08-09,3.62,41.68,35.31,994.84,15.39,83.1
2019-08-10,47.09,43.04,33.88,990.95,22.64,95.08
2019-08-11,60.95,40.2,31.71,990.59,30.86,100.0
2019-08-12,173.49,40.49,32.93,985.57,55.73,100.0
2019-08-13,21.46,41.31,34.65,995.58,13.48,98.74
2019-08-14,195.32,40.52,30.09,982.95,55.92,100.0
2019-08-15,14.05,42.04,30.3,995.47,15.5,91.41
2019-08-16,32.63,42.88,36.65,993.31,21.89,96.39
2019-08-17,28.39,42.14,32.46,995.5,21.19,86.75
2019-08-18,4.56,45.67,39.42,995.93,15.85,81.09
2019-08-19,73.91,39.01,30.91,990.11,34.52,100.0
2019-08-20,5.73,42.33,31.74,994.59,18.42,79.94
2019-08-21,27.44,41.17,31.48,993.98,22.78,96.35
2019-08-22,236.43,40.59,28.71,983.21,77.47,100.0
2019-08-23,38.6,40.22,32.19,994.22,20.52,83.75
2019-08-24,16.21,41.54,30.22,994.61,14.03,91.43
2019-08-25,47.39,43.71,34.94,991.94,27.32,99.89
2019-08-26,41.95,42.44,30.54,991.54,24.2,94.15
2019-08-27,36.25,42.19,31.15,991.59,23.99,100.0
2019-08-28,24.99,43.31,33.18,991.86,21.23,94.0
2019-08-29,40.09,41.73,34.25,993.57,23.4,89.77
2019-08-30,45.07,45.61,35.92,993.89,23.72,89.97
2019-08-31,42.88,39.42,32.52,991.77,26.89,93.0
2019-09-01,157.04,45.81,34.5,985.98,48.16,100.0
2019-09-02,14.9,44.73,38.18,994.25,16.07,99.26
2019-09-03,185.79,46.16,36.54,987.68,63.52,100.0
2019-09-04,8.81,40.84,34.49,995.47,19.55,81.4
2019-09-05,34.44,36.97,30.08,995.14,20.46,83.0
2019-09-06,2.6,45.58,33.59,996.79,15.22,85.66
2019-09-07,15.31,41.89,33.43,995.47,16.71,92.04
2019-09-08,23.75,41.64,33.64,992.9,18.36,92.98
2019-09-09,20.44,44.72,33.67,994.48,20.65,85.47
2019-09-10,17.16,42.63,34.01,997.63,20.99,91.04
2019-09-11,4.85,43.5,33.56,994.85,14.91,82.44
2019-09-12,8.5,42.29,34.66,996.04,15.21,92.39
2019-09-13,185.12,37.92,29.84,986.22,61.02,100.0
2019-09-14,23.0,42.57,35.01,993.71,22.13,82.63
2019-09-15,6.18,43.75,34.1,995.58,13.12,82.28
2019-09-16,4.59,44.11,34.74,995.05,12.1,83.69
2019-09-17,55.08,43.21,33.95,992.14,27.52,94.38
2019-09-18,18.56,41.98,33.51,997.9,20.5,97.86
2019-09-19,1.8,42.53,36.22,997.95,12.56,85.55
2019-09-20,8.38,45.24,36.12,994.34,17.06,83.25
2019-09-21,59.27,42.35,30.44,990.1,28.63,96.1
2019-09-22,67.18,41.0,31.06,991.96,29.52,100.0
2019-09-23,41.84,43.18,35.46,991.33,25.55,100.0
2019-09-24,28.19,44.5,35.3,994.02,22.5,86.22
2019-09-25,44.14,42.31,35.2,992.75,25.93,99.05
2019-09-26,4.62,41.51,30.22,996.03,15.23,90.45
2019-09-27,95.62,40.86,29.57,990.91,34.34,100.0
2019-09-28,0.36,46.58,35.24,996.31,14.67,80.34
2019-09-29,5.81,43.33,33.07,997.63,14.54,73.97
2019-09-30,48.27,42.82,31.85,989.74,23.07,93.96
2019-10-01,0.0,42.52,35.67,1007.45,12.01,44.85
2019-10-02,0.0,39.96,28.91,1009.87,15.21,54.88
2019-10-03,2.82,45.39,38.97,1006.15,15.55,54.55
2019-10-04,0.0,44.73,34.57,1005.98,8.19,55.63
2019-10-05,0.91,44.01,32.79,1008.22,16.4,58.61
2019-10-06,0.0,43.52,34.16,1008.98,13.6,50.13
2019-10-07,0.0,38.63,26.76,1009.27,13.44,50.29
2019-10-08,208.38,42.52,31.37,996.13,67.64,100.0
2019-10-09,0.0,41.08,30.1,1009.63,15.98,53.07
2019-10-10,0.0,41.12,33.66,1008.14,13.94,53.48
2019-10-11,0.0,40.82,30.36,1006.4,15.28,59.5
2019-10-12,0.0,44.38,38.17,1007.03,14.21,60.81
2019-10-13,223.02,41.03,34.47,994.98,70.55,100.0
2019-10-14,0.0,44.18,35.59,1012.03,12.04,45.85
2019-10-15,0.0,42.58,32.93,1009.43,17.67,63.75
2019-10-16,0.0,40.9,32.59,1008.05,20.51,54.12
2019-10-17,0.0,42.89,33.09,1010.54,13.68,54.08
2019-10-18,0.0,42.34,35.16,1004.9,9.49,58.8
2019-10-19,0.0,42.14,31.32,1006.87,15.44,68.65
2019-10-20,0.0,41.17,31.47,1007.71,13.04,51.02
2019-10-21,0.0,46.5,34.54,1007.91,12.8,51.74
2019-10-22,0.0,44.33,34.05,1007.73,9.26,59.48
2019-10-23,0.0,41.67,34.13,1008.22,14.43,51.93
2019-10-24,1.21,38.3,31.58,1006.85,18.87,52.91
2019-10-25,102.83,43.59,33.58,1001.58,36.44,92.9
2019-10-26,2.53,42.95,31.71,1008.99,12.79,57.57
2019-10-27,1.91,39.1,30.19,1006.92,12.83,56.04
2019-10-28,0.0,44.99,35.08,1006.7,15.41,59.23
2019-10-29,0.0,40.53,29.8,1006.36,18.18,53.75
2019-10-30,0.0,42.11,34.2,1009.22,8.49,60.86
2019-10-31,0.0,40.36,33.36,1010.22,10.68,53.93
2019-11-01,0.0,44.91,36.87,1010.09,13.55,51.43
2019-11-02,0.0,38.99,31.68,1009.91,13.92,56.4
2019-11-03,1.66,42.21,30.43,1007.19,13.11,54.95
2019-11-04,152.08,41.64,33.9,1001.27,51.74,100.0
2019-11-05,0.0,39.03,30.99,1005.77,10.42,55.71
2019-11-06,0.0,43.33,34.69,1008.75,10.81,50.63
2019-11-07,1.05,38.05,28.57,1009.06,13.75,49.77
2019-11-08,0.0,42.54,33.12,1009.35,10.31,57.48
2019-11-09,1.61,38.85,27.07,1008.26,15.16,57.82
2019-11-10,0.0,42.46,35.71,1007.41,12.0,59.37
2019-11-11,0.0,41.54,29.66,1006.24,17.38,54.74
2019-11-12,0.0,39.92,29.35,1007.02,14.72,42.9
2019-11-13,0.0,44.06,33.48,1007.49,15.67,55.45
2019-11-14,4.81,43.95,32.59,1007.4,16.98,41.74
2019-11-15,0.0,41.52,31.39,1007.42,16.86,60.51
2019-11-16,0.0,43.79,36.12,1007.2,16.86,57.57
2019-11-17,3.35,42.47,35.61,1008.87,17.24,59.78
2019-11-18,0.0,42.08,35.54,1009.61,11.54,54.88
2019-11-19,0.0,40.93,34.26,1007.18,8.32,56.07
2019-11-20,170.1,42.56,36.26,999.2,56.04,100.0
2019-11-21,0.0,42.92,31.35,1007.06,16.49,54.03
2019-11-22,0.0,42.38,30.51,1006.14,9.04,61.02
2019-11-23,5.49,35.0,25.49,1007.95,13.43,57.59
2019-11-24,0.0,42.66,31.84,1008.84,17.18,68.8
2019-11-25,0.0,40.85,33.15,1005.35,15.01,50.26
2019-11-26,209.78,39.58,31.92,995.44,65.46,100.0
2019-11-27,0.71,39.05,32.43,1009.65,10.14,51.12
2019-11-28,0.0,41.22,32.61,1008.29,13.32,58.78
2019-11-29,2.9,35.74,25.94,1007.62,16.29,51.79
2019-11-30,0.0,38.43,31.8,1009.59,15.85,61.02
2019-12-01,1.12,40.47,31.87,1008.83,9.95,54.29
2019-12-02,0.0,39.38,28.77,1007.78,17.71,53.4
2019-12-03,0.0,41.56,32.73,1006.29,13.18,56.83
2019-12-04,0.0,37.13,30.31,1009.23,17.82,59.05
2019-12-05,0.0,37.79,27.51,1010.46,14.58,54.26
2019-12-06,0.0,39.0,32.33,1007.76,8.77,55.6
2019-12-07,0.0,39.55,30.59,1006.51,16.34,42.95
2019-12-08,0.0,39.89,28.11,1007.61,20.05,56.08
2019-12-09,0.0,41.28,32.15,1009.08,13.29,55.96
2019-12-10,0.0,39.97,31.88,1010.32,16.97,48.24
2019-12-11,0.0,40.03,29.35,1008.37,7.18,50.32
2019-12-12,0.0,39.4,28.92,1005.54,11.91,54.79
2019-12-13,0.0,39.57,27.79,1008.35,13.38,51.75
2019-12-14,0.0,38.69,28.96,1007.52,15.18,62.06
2019-12-15,4.17,36.76,26.72,1010.12,12.61,49.96
2019-12-16,0.0,38.75,27.41,1005.25,13.04,55.76
2019-12-17,0.02,37.52,30.72,1011.13,14.12,57.93
2019-12-18,0.0,43.16,36.7,1008.01,16.52,51.91
2019-12-19,0.0,34.6,28.34,1010.3,13.4,48.84
2019-12-20,0.0,38.08,26.32,1008.88,14.14,56.66
2019-12-21,0.0,42.91,36.47,1005.96,14.49,55.21
2019-12-22,3.93,38.82,26.96,1008.62,13.06,58.62
2019-12-23,0.0,36.76,26.92,1009.25,11.13,57.36
2019-12-24,0.0,38.59,32.52,1010.34,10.25,58.02
2019-12-25,0.0,39.45,32.88,1009.07,12.69,54.67
2019-12-26,0.0,36.84,29.1,1008.51,16.23,54.09
2019-12-27,0.0,35.66,25.13,1005.6,8.4,60.04
2019-12-28,0.0,39.07,30.92,1005.63,10.37,58.65
2019-12-29,6.26,38.2,30.88,1006.19,16.21,55.93
2019-12-30,0.0,38.3,29.68,1008.88,15.65,68.17
2019-12-31,0.0,36.2,24.84,1006.0,18.23,52.97
2020-01-01,0.0,35.01,25.46,1007.98,12.35,49.87
2020-01-02,0.0,32.62,21.75,1008.3,12.56,59.79
2020-01-03,0.0,39.1,32.19,1009.79,14.33,60.26
2020-01-04,0.0,36.65,29.88,1007.88,16.07,42.21
2020-01-05,9.04,36.11,28.28,1005.92,18.3,51.97
2020-01-06,0.0,36.98,29.16,1009.7,17.58,50.09
2020-01-07,0.0,36.48,25.07,1006.3,12.21,62.11
2020-01-08,0.0,36.12,26.85,1008.34,11.51,57.61
2020-01-09,0.0,38.37,32.11,1008.16,15.95,47.48
2020-01-10,0.0,39.08,32.47,1009.21,19.99,70.55
2020-01-11,0.0,39.22,30.45,1009.49,14.69,57.49
2020-01-12,0.0,36.13,25.29,1009.01,12.33,49.5
2020-01-13,0.0,39.01,29.63,1009.41,13.98,58.34
2020-01-14,0.0,37.72,27.31,1007.2,13.12,54.64
2020-01-15,0.0,36.6,29.19,1008.68,16.67,57.88
2020-01-16,0.0,40.28,29.1,1008.06,15.48,52.37
2020-01-17,0.0,34.56,23.37,1007.58,12.56,50.69
2020-01-18,0.0,37.23,26.45,1009.21,16.05,48.17
2020-01-19,0.0,36.53,28.81,1007.04,10.91,48.24
2020-01-20,0.0,38.75,30.32,1006.7,12.39,46.46
2020-01-21,0.0,35.37,27.12,1007.76,14.48,57.51
2020-01-22,0.0,33.78,25.27,1008.78,12.76,56.3
2020-01-23,0.0,35.06,23.18,1005.5,14.1,51.21
2020-01-24,8.82,35.53,25.1,1006.08,14.28,66.15
2020-01-25,0.0,32.92,25.69,1007.02,8.76,54.36
2020-01-26,0.0,36.25,26.63,1008.1,13.75,55.93
2020-01-27,2.28,38.76,31.15,1009.73,17.01,49.94
2020-01-28,0.0,32.53,24.91,1009.39,17.05,56.36
2020-01-29,0.0,35.18,25.65,1008.42,17.14,60.85
2020-01-30,0.0,35.62,28.1,1007.62,15.72,54.69
2020-01-31,0.0,34.69,24.65,1008.63,13.93,54.13
2020-02-01,3.45,35.12,27.57,1009.03,19.89,53.57
2020-02-02,2.23,38.45,30.99,1009.8,13.05,56.99
2020-02-03,5.25,33.67,26.05,1006.65,20.43,55.07
2020-02-04,0.0,34.01,22.3,1008.36,15.22,57.26
2020-02-05,0.0,35.25,28.05,1009.11,18.25,58.41
2020-02-06,0.0,33.5,25.27,1008.06,14.46,58.83
2020-02-07,0.0,33.39,22.01,1005.93,17.32,58.21
2020-02-08,0.0,32.21,21.98,1009.04,9.15,44.82
2020-02-09,0.0,33.72,25.06,1009.29,11.93,55.02
2020-02-10,0.0,33.77,23.84,1010.17,11.9,52.54
2020-02-11,0.18,35.78,24.49,1006.43,15.76,59.9
2020-02-12,0.85,32.46,23.37,1006.71,7.78,57.92
2020-02-13,0.0,35.53,27.68,1008.82,10.56,48.18
2020-02-14,0.0,34.04,24.72,1006.72,9.8,55.07
2020-02-15,0.0,36.29,25.13,1008.72,12.83,62.95
2020-02-16,0.0,35.33,28.25,1006.61,10.89,58.72
2020-02-17,0.45,34.55,27.58,1010.59,11.98,48.84
2020-02-18,0.63,39.12,31.65,1008.61,13.72,52.22
2020-02-19,0.0,36.25,27.76,1011.13,18.03,43.35
2020-02-20,0.0,32.42,23.42,1008.8,17.05,53.79
2020-02-21,0.0,32.07,22.44,1008.13,12.99,51.05
2020-02-22,2.94,33.1,21.73,1005.9,14.85,48.64
2020-02-23,0.0,33.9,24.54,1006.85,18.39,59.98
2020-02-24,0.0,36.43,25.5,1008.2,13.84,61.12
2020-02-25,0.0,33.41,26.31,1010.15,11.6,54.68
2020-02-26,0.0,33.29,24.04,1009.41,12.18,56.06
2020-02-27,0.0,33.21,21.22,1010.02,8.37,58.1
2020-02-28,0.0,31.24,24.83,1005.79,12.19,43.97
2020-02-29,0.0,36.28,30.23,1009.45,15.95,49.31
2020-03-01,0.0,34.2,27.8,1010.27,15.37,62.28
2020-03-02,0.0,35.12,26.01,1008.94,15.23,50.69
2020-03-03,0.0,32.14,24.97,1008.79,14.89,57.32
2020-03-04,0.0,34.62,24.7,1010.16,14.57,59.71
2020-03-05,0.0,33.32,23.02,1006.17,11.46,51.74
2020-03-06,0.0,31.95,23.4,1006.97,14.05,59.51
2020-03-07,0.2,31.61,20.68,1010.27,17.38,58.04
2020-03-08,0.0,31.21,19.58,1009.34,9.73,60.53
2020-03-09,0.0,34.56,27.24,1006.58,9.42,58.09
2020-03-10,0.0,34.44,23.87,1008.94,11.15,62.17
2020-03-11,0.0,34.0,27.77,1005.65,10.29,60.82
2020-03-12,0.0,32.61,21.21,1009.1,12.59,58.22
2020-03-13,0.0,34.76,23.61,1008.92,13.71,52.48
2020-03-14,0.06,35.65,26.25,1007.1,17.26,48.46
2020-03-15,0.0,35.86,29.63,1008.94,15.16,60.45
2020-03-16,0.0,35.1,25.58,1008.5,14.43,55.12
2020-03-17,0.0,36.69,28.35,1007.26,15.5,48.0
2020-03-18,0.0,32.72,23.55,1008.84,15.88,59.43
2020-03-19,0.0,32.98,22.93,1007.02,10.82,62.41
2020-03-20,0.0,33.1,22.95,1006.08,17.03,61.71
2020-03-21,0.0,33.89,24.29,1006.47,15.69,50.6
2020-03-22,0.0,34.97,27.95,1008.71,18.66,59.27
2020-03-23,0.0,31.09,22.68,1012.59,14.72,49.24
2020-03-24,0.0,33.34,23.78,1009.15,12.6,54.25
2020-03-25,1.38,33.42,22.13,1006.78,15.34,59.41
2020-03-26,0.0,34.28,26.56,1006.79,14.87,55.37
2020-03-27,0.0,31.98,20.13,1007.71,15.03,56.54
2020-03-28,0.0,32.6,26.17,1006.88,12.02,51.48
2020-03-29,0.0,32.02,25.02,1007.57,8.89,52.69
2020-03-30,0.0,30.59,23.2,1006.44,12.86,52.1
2020-03-31,0.0,32.09,24.82,1008.27,12.86,56.66
2020-04-01,0.0,32.94,25.12,1006.73,18.06,56.41
2020-04-02,2.17,30.67,20.93,1007.9,14.26,46.77
2020-04-03,1.54,34.84,28.49,1007.08,10.83,43.85
2020-04-04,0.0,36.68,26.01,1009.22,12.76,59.03
2020-04-05,0.0,32.46,25.29,1009.27,19.11,54.63
2020-04-06,0.0,35.52,27.35,1007.91,13.18,60.27
2020-04-07,0.0,36.16,29.4,1007.59,14.79,48.72
2020-04-08,0.0,37.48,30.1,1007.76,7.71,59.32
2020-04-09,0.0,33.49,26.38,1006.35,11.27,51.42
2020-04-10,4.37,33.83,22.01,1007.45,11.78,57.41
2020-04-11,0.0,32.02,25.5,1009.79,17.54,55.97
2020-04-12,0.0,34.14,26.82,1006.53,15.23,53.46
2020-04-13,0.0,33.71,23.95,1008.56,12.09,57.29
2020-04-14,0.0,31.71,22.79,1007.61,11.19,51.66
2020-04-15,0.0,33.02,24.22,1009.33,12.18,57.29
2020-04-16,0.0,37.06,25.06,1005.9,12.42,61.94
2020-04-17,0.0,32.01,22.94,1006.33,16.3,56.08
2020-04-18,0.0,31.93,25.72,1008.0,7.75,63.62
2020-04-19,0.0,30.15,23.85,1007.55,12.29,56.65
2020-04-20,0.0,31.66,23.38,1007.18,12.65,61.29
2020-04-21,0.0,33.97,26.54,1007.33,16.06,64.24
2020-04-22,0.0,32.07,25.95,1007.75,14.29,61.48
2020-04-23,0.0,31.97,25.79,1006.19,14.28,56.26
2020-04-24,0.0,34.8,24.73,1005.81,16.61,52.72
2020-04-25,0.0,34.11,26.44,1008.8,16.63,62.36
2020-04-26,0.0,31.31,24.83,1006.08,9.08,53.04
2020-04-27,0.0,32.58,21.01,1006.27,14.97,49.26
2020-04-28,8.61,33.73,26.25,1003.0,22.38,55.72
2020-04-29,0.0,34.53,23.11,1010.28,15.7,58.5
2020-04-30,0.02,34.91,26.45,1006.32,16.8,53.82
2020-05-01,0.0,35.96,28.33,1006.34,12.49,52.54
2020-05-02,0.0,34.19,26.46,1010.57,8.26,54.66
2020-05-03,0.0,35.6,27.53,1008.16,16.56,61.26
2020-05-04,0.0,37.64,26.25,1009.21,9.04,50.2
2020-05-05,222.25,33.62,24.16,994.81,66.48,100.0
2020-05-06,0.0,34.22,23.78,1006.98,14.22,53.94
2020-05-07,0.47,30.48,18.85,1008.84,8.39,50.84
2020-05-08,98.44,33.19,25.83,1004.92,34.36,87.8
2020-05-09,0.0,34.93,26.07,1008.65,10.14,48.01
2020-05-10,0.0,31.09,20.04,1003.75,12.33,48.49
2020-05-11,0.0,32.6,24.78,1004.65,14.57,57.25
2020-05-12,1.61,31.94,22.0,1007.43,14.58,57.72
2020-05-13,1.35,34.83,23.2,1006.56,12.58,56.53
2020-05-14,0.0,36.67,25.78,1007.5,9.32,61.9
2020-05-15,1.1,37.88,27.93,1006.65,13.78,51.93
2020-05-16,4.39,34.29,27.28,1006.94,15.56,61.41
2020-05-17,0.0,35.24,23.63,1007.62,14.68,58.46
2020-05-18,0.0,35.0,24.94,1010.45,18.88,52.49
2020-05-19,4.47,37.06,28.47,1007.94,17.32,55.28
2020-05-20,0.0,39.42,31.57,1004.0,8.55,58.8
2020-05-21,133.52,34.6,24.23,1000.62,51.3,89.16
2020-05-22,0.0,37.55,29.95,1007.29,18.95,60.35
2020-05-23,6.97,35.81,28.47,1005.85,17.1,47.74
2020-05-24,0.47,37.98,26.6,1007.26,13.53,51.36
2020-05-25,2.71,32.8,25.39,1008.35,16.15,54.02
2020-05-26,0.0,31.31,25.14,1009.98,13.45,55.16
2020-05-27,0.0,35.4,27.01,1007.24,14.12,57.22
2020-05-28,0.0,36.22,27.97,1007.6,12.11,55.35
2020-05-29,0.0,34.16,26.81,1008.98,13.67,50.52
2020-05-30,0.0,29.61,21.6,1007.44,16.02,43.15
2020-05-31,0.0,36.71,29.79,1009.07,12.62,51.53
2020-06-01,12.54,34.79,28.58,995.48,21.84,81.47
2020-06-02,6.02,36.69,25.32,995.15,12.5,80.04
2020-06-03,14.84,37.67,27.63,995.88,16.58,92.36
2020-06-04,4.76,38.6,30.98,994.0,17.87,92.58
2020-06-05,56.3,40.44,31.97,991.7,22.57,94.97
2020-06-06,23.26,37.81,28.47,995.42,16.96,85.59
2020-06-07,40.59,37.83,29.89,994.24,26.85,100.0
2020-06-08,25.88,32.67,25.02,997.19,18.26,93.37
2020-06-09,33.01,38.93,31.62,995.06,25.47,93.53
2020-06-10,1.29,35.7,24.13,992.75,13.07,72.26
2020-06-11,109.17,36.5,27.95,989.04,37.45,100.0
2020-06-12,9.82,36.8,27.42,996.82,14.14,84.95
2020-06-13,2.64,37.77,29.33,995.48,15.98,79.13
2020-06-14,9.72,37.81,27.05,995.86,19.98,90.72
2020-06-15,81.69,37.99,28.18,989.39,33.71,100.0
2020-06-16,36.53,38.1,30.04,996.72,20.85,94.4
2020-06-17,14.4,36.09,30.09,995.55,14.85,93.1
2020-06-18,159.27,38.15,31.64,990.59,47.36,100.0
2020-06-19,26.16,36.36,28.47,994.11,20.45,91.22
2020-06-20,21.25,35.98,28.14,996.25,24.34,83.65
2020-06-21,32.1,37.86,31.09,992.67,27.22,95.14
2020-06-22,33.77,37.27,26.89,995.6,18.9,94.38
2020-06-23,0.73,41.53,30.43,994.43,13.29,81.02
2020-06-24,234.45,39.69,33.17,985.41,76.15,100.0
2020-06-25,7.45,41.47,33.96,995.52,18.6,76.51
2020-06-26,63.9,40.79,32.6,993.03,28.42,100.0
2020-06-27,5.9,33.65,22.18,996.86,12.4,89.92
2020-06-28,31.53,37.22,28.74,996.49,22.54,86.56
2020-06-29,97.56,37.51,28.47,989.41,39.76,100.0
2020-06-30,170.7,35.65,28.96,983.23,56.04,100.0
2020-07-01,13.72,42.03,35.66,994.01,18.63,86.77
2020-07-02,4.6,41.03,32.62,998.43,12.65,81.57
2020-07-03,13.92,36.53,30.18,996.18,23.98,92.13
2020-07-04,57.54,40.51,31.27,991.7,28.76,95.3
2020-07-05,66.81,36.85,29.94,991.33,36.62,95.11
2020-07-06,2.35,39.48,28.51,998.09,14.45,78.55
2020-07-07,27.85,37.14,25.5,995.68,22.27,77.69
2020-07-08,24.33,38.2,27.34,997.61,18.31,93.52
2020-07-09,3.97,36.2,29.87,998.06,17.51,84.23
2020-07-10,13.53,37.6,26.68,995.07,18.36,92.1
2020-07-11,12.2,41.44,31.65,995.59,18.45,92.39
2020-07-12,14.97,43.53,36.21,996.44,21.05,96.17
2020-07-13,166.38,39.35,31.99,988.4,53.82,100.0
2020-07-14,16.33,38.12,29.8,994.2,17.7,84.09
2020-07-15,20.07,41.41,34.54,994.23,16.83,88.07
2020-07-16,2.07,41.35,32.0,996.14,15.04,75.94
2020-07-17,240.94,38.43,31.96,982.78,73.96,100.0
2020-07-18,3.68,38.05,26.11,993.85,15.88,83.76
2020-07-19,4.31,37.99,31.96,995.89,18.54,90.22
2020-07-20,14.81,38.92,30.91,995.02,18.03,88.98
2020-07-21,36.52,36.94,30.36,992.96,24.62,90.28
2020-07-22,31.69,41.44,35.0,994.03,19.23,84.95
2020-07-23,42.71,40.89,29.91,992.92,23.17,87.95
2020-07-24,14.76,40.97,32.96,994.31,16.03,94.42
2020-07-25,24.18,40.73,34.37,994.97,17.66,91.38
2020-07-26,15.05,41.13,29.15,991.36,18.96,82.37
2020-07-27,14.12,42.94,34.04,993.4,12.03,80.98
2020-07-28,25.22,40.07,30.75,992.63,16.12,91.26
2020-07-29,161.19,41.02,33.45,988.51,56.14,100.0
2020-07-30,44.54,39.91,33.11,996.99,23.54,87.52
2020-07-31,25.61,36.83,26.42,994.42,20.59,87.88
2020-08-01,79.47,38.8,29.04,991.14,27.3,100.0
2020-08-02,20.63,41.11,29.77,996.37,22.92,90.15
2020-08-03,15.72,41.01,33.93,996.3,15.43,83.53
2020-08-04,7.94,45.05,36.49,997.52,13.81,85.38
2020-08-05,2.57,37.89,30.19,995.99,18.36,80.79
2020-08-06,0.39,43.08,31.48,996.88,13.78,87.11
2020-08-07,23.28,41.97,29.99,994.9,16.9,94.02
2020-08-08,163.97,40.52,33.2,986.84,61.14,100.0
2020-08-09,7.65,39.58,31.12,997.16,17.59,85.23
2020-08-10,10.12,42.73,30.94,996.97,13.57,83.62
2020-08-11,31.19,38.53,29.5,994.66,19.74,82.46
2020-08-12,29.02,40.34,32.72,992.13,23.04,87.53
2020-08-13,67.19,42.25,31.17,992.37,26.27,96.37
2020-08-14,1.81,40.88,32.98,995.21,15.23,83.61
2020-08-15,10.09,42.34,35.46,996.22,17.52,85.73
2020-08-16,32.13,46.03,36.97,994.09,20.95,88.0
2020-08-17,45.4,44.03,33.52,991.39,27.8,93.49
2020-08-18,3.95,43.4,35.88,997.49,14.79,83.55
2020-08-19,1.54,44.15,35.85,995.78,15.4,80.79
2020-08-20,22.29,42.0,32.38,997.37,23.4,87.93
2020-08-21,49.54,44.31,36.13,994.61,27.47,99.9
2020-08-22,3.34,42.07,32.29,996.08,12.09,78.82
2020-08-23,79.75,40.93,34.1,993.24,34.01,100.0
2020-08-24,104.17,39.3,30.17,987.87,43.08,100.0
2020-08-25,19.72,41.72,31.74,994.66,14.27,96.65
2020-08-26,15.36,43.15,33.26,994.35,14.24,75.03
2020-08-27,8.3,38.14,28.57,995.72,16.07,84.6
2020-08-28,70.96,39.41,33.41,991.13,29.6,100.0
2020-08-29,182.2,42.03,35.32,986.18,53.02,100.0
2020-08-30,13.15,41.14,34.93,995.7,16.97,83.68
2020-08-31,45.4,46.17,37.11,992.37,26.18,95.51
2020-09-01,18.48,40.77,31.54,996.13,19.49,84.73
2020-09-02,142.39,43.77,35.75,986.63,46.41,100.0
2020-09-03,105.52,38.94,30.43,990.38,43.14,100.0
2020-09-04,66.0,41.07,29.35,991.57,30.05,100.0
2020-09-05,9.91,43.48,36.75,994.58,13.8,86.57
2020-09-06,2.05,43.56,34.29,995.18,16.27,80.55
2020-09-07,5.18,42.64,32.02,995.2,13.38,79.1
2020-09-08,9.55,44.52,37.56,992.08,13.71,87.43
2020-09-09,10.4,43.99,34.12,996.59,17.09,79.14
2020-09-10,2.56,41.71,34.06,995.7,13.49,82.15
2020-09-11,5.53,41.94,30.05,996.07,19.33,80.83
2020-09-12,11.74,42.01,30.38,994.8,20.48,87.93
2020-09-13,2.0,44.87,36.73,993.75,15.39,77.18
2020-09-14,47.15,42.26,34.84,992.66,28.73,89.29
2020-09-15,25.72,45.02,37.8,993.76,24.66,88.99
2020-09-16,208.11,45.45,39.3,981.85,62.7,100.0
2020-09-17,1.61,41.67,35.19,993.83,13.05,78.54
2020-09-18,2.63,42.88,36.14,995.52,16.08,81.72
2020-09-19,4.94,44.24,34.96,994.49,15.65,88.46
2020-09-20,21.41,40.74,30.18,992.5,20.5,87.74
2020-09-21,37.5,42.46,35.1,991.25,24.28,94.13
2020-09-22,15.43,42.83,33.89,995.88,19.95,85.37
2020-09-23,23.56,41.88,33.28,996.19,18.71,94.08
2020-09-24,44.23,45.76,34.93,994.41,24.06,100.0
2020-09-25,1.47,41.87,31.38,998.82,18.34,75.41
2020-09-26,5.78,40.16,32.41,995.98,15.09,92.06
2020-09-27,6.81,41.23,29.84,991.71,21.27,85.17
2020-09-28,8.14,42.47,36.47,995.01,18.29,78.5
2020-09-29,51.16,43.95,34.35,991.85,29.45,100.0
2020-09-30,103.75,45.5,39.09,987.78,42.96,100.0
2020-10-01,0.0,45.33,37.29,1007.87,15.61,57.14
2020-10-02,0.0,44.03,34.81,1006.75,10.5,57.6
2020-10-03,0.97,45.23,35.22,1008.22,16.01,54.87
2020-10-04,0.0,39.61,33.29,1008.29,12.18,56.82
2020-10-05,0.0,47.01,40.01,1009.94,18.37,47.52
2020-10-06,0.0,43.13,33.57,1008.19,15.7,49.75
2020-10-07,0.0,49.27,41.26,1006.31,9.76,55.45
2020-10-08,0.22,46.8,38.17,1006.82,15.39,46.56
2020-10-09,0.0,42.95,34.98,1009.23,7.77,53.4
2020-10-10,2.01,42.71,36.2,1010.44,14.56,57.97
2020-10-11,0.0,37.5,31.05,1007.06,11.85,51.95
2020-10-12,0.0,43.13,36.41,1006.99,13.76,52.1
2020-10-13,0.0,41.84,33.14,1007.87,19.05,64.22
2020-10-14,0.0,42.3,35.7,1006.78,18.8,59.01
2020-10-15,0.0,40.53,29.98,1003.74,11.11,49.23
2020-10-16,1.66,43.22,33.94,1009.05,12.1,49.35
2020-10-17,0.0,40.9,34.8,1008.05,13.69,56.97
2020-10-18,2.87,43.0,36.25,1008.89,19.1,58.11
2020-10-19,0.0,44.23,34.49,1008.42,12.81,51.16
2020-10-20,0.0,44.23,36.42,1009.69,15.72,51.48
2020-10-21,0.0,41.78,33.82,1008.17,10.48,54.48
2020-10-22,0.0,42.06,31.44,1007.46,19.04,45.44
2020-10-23,95.51,45.23,33.92,1001.93,38.12,79.36
2020-10-24,0.0,42.21,30.6,1008.24,10.7,62.1
2020-10-25,0.0,45.0,34.41,1006.45,15.95,59.06
2020-10-26,151.96,40.54,28.64,997.25,56.04,100.0
2020-10-27,0.0,41.87,30.65,1010.03,11.97,49.53
2020-10-28,0.0,40.25,29.8,1011.18,13.27,45.55
2020-10-29,0.0,41.16,31.66,1007.79,19.05,60.0
2020-10-30,0.0,42.61,36.57,1004.07,17.21,61.36
2020-10-31,148.92,42.18,33.17,999.57,52.0,100.0
2020-11-01,0.0,41.99,33.14,1009.66,15.17,54.53
2020-11-02,4.97,40.67,31.37,1007.65,18.21,55.4
2020-11-03,0.0,40.86,29.03,1008.13,8.41,55.56
2020-11-04,0.0,40.2,33.43,1007.09,16.96,51.44
2020-11-05,0.0,41.09,29.45,1006.55,10.01,54.69
2020-11-06,0.0,40.06,32.96,1009.47,12.56,56.8
2020-11-07,0.0,41.12,30.42,1007.91,13.52,59.68
2020-11-08,0.0,43.69,32.32,1007.62,17.29,47.17
2020-11-09,0.0,35.83,28.16,1008.86,9.06,58.02
2020-11-10,0.0,40.2,33.28,1008.22,15.48,40.73
2020-11-11,0.0,41.22,29.42,1007.19,13.52,57.15
2020-11-12,0.0,41.04,33.49,1008.04,19.57,52.59
2020-11-13,0.0,42.27,33.07,1005.29,10.47,53.32
2020-11-14,0.0,46.58,39.22,1007.94,19.61,57.1
2020-11-15,0.0,38.36,27.72,1010.03,12.81,49.35
2020-11-16,0.0,41.27,30.5,1010.27,8.47,59.46
2020-11-17,0.0,41.42,33.86,1005.69,5.29,57.96
2020-11-18,0.0,43.42,33.92,1008.3,11.49,62.12
2020-11-19,0.0,43.24,35.77,1007.57,11.75,48.77
2020-11-20,0.0,37.4,28.25,1007.11,10.64,59.65
2020-11-21,0.13,37.96,30.07,1006.16,7.97,54.53
2020-11-22,0.0,40.91,32.24,1008.55,14.87,55.23
2020-11-23,0.0,42.49,35.96,1010.29,12.63,55.93
2020-11-24,0.0,41.92,35.74,1007.35,13.58,61.03
2020-11-25,7.66,43.25,33.98,1005.25,14.77,53.9
2020-11-26,0.0,44.06,36.76,1006.92,10.08,47.01
2020-11-27,0.0,39.43,33.02,1009.1,10.59,50.54
2020-11-28,0.0,40.82,32.66,1008.16,10.62,60.64
2020-11-29,202.25,40.5,32.53,995.7,67.7,100.0
2020-11-30,0.0,39.54,29.18,1005.32,16.04,49.23
2020-12-01,0.0,41.24,33.59,1010.34,7.81,53.41
2020-12-02,0.0,40.66,30.87,1009.43,12.04,55.14
2020-12-03,0.0,36.31,29.22,1007.88,7.89,55.24
2020-12-04,0.0,37.96,26.4,1007.84,15.21,58.58
2020-12-05,3.74,41.27,34.59,1008.8,18.04,58.35
2020-12-06,0.0,38.81,29.64,1011.15,14.29,53.38
2020-12-07,1.43,40.72,33.92,1005.2,17.34,58.66
2020-12-08,0.28,35.11,28.47,1011.05,16.74,56.89
2020-12-09,0.0,38.43,31.76,1008.3,12.78,51.92
2020-12-10,0.0,39.98,28.97,1008.88,12.13,56.69
2020-12-11,0.0,41.29,33.24,1005.96,14.96,54.18
2020-12-12,2.98,41.05,29.2,1008.59,16.21,61.25
2020-12-13,0.0,40.15,28.25,1006.69,13.62,59.23
2020-12-14,1.12,40.44,31.69,1009.25,13.97,52.16
2020-12-15,0.0,39.68,31.81,1008.91,11.76,55.22
2020-12-16,0.0,38.49,30.36,1004.67,17.37,61.33
2020-12-17,0.0,37.31,30.56,1006.3,13.03,55.54
2020-12-18,0.0,35.46,29.0,1004.65,16.99,57.65
2020-12-19,0.0,41.29,30.03,1007.59,14.93,47.11
2020-12-20,0.27,38.43,30.38,1009.75,11.43,55.58
2020-12-21,0.0,36.22,29.09,1008.5,17.45,56.48
2020-12-22,0.13,41.22,33.26,1008.43,17.32,46.49
2020-12-23,0.0,40.98,30.53,1010.77,10.83,58.15
2020-12-24,0.0,40.22,28.44,1008.63,10.56,57.33
2020-12-25,4.19,42.16,31.48,1009.61,17.58,58.83
2020-12-26,3.44,37.42,27.58,1008.93,15.46,55.63
2020-12-27,2.17,39.3,32.24,1006.64,14.44,47.68
2020-12-28,0.0,37.25,26.7,1007.44,16.64,55.01
2020-12-29,2.6,36.91,26.81,1007.16,19.05,58.48
2020-12-30,0.0,33.66,21.76,1006.21,10.91,49.78
2020-12-31,0.0,34.75,23.26,1008.62,15.49,53.53
2021-01-01,2.67,37.82,26.14,1008.57,11.11,61.09
2021-01-02,0.91,37.47,26.7,1006.58,10.8,57.98
2021-01-03,0.46,40.44,31.21,1006.08,17.65,60.86
2021-01-04,0.0,39.6,30.18,1007.83,15.5,50.61
2021-01-05,0.0,35.39,24.6,1009.19,14.65,53.48
2021-01-06,0.0,40.53,31.95,1005.95,8.54,52.01
2021-01-07,0.0,37.66,27.24,1007.83,13.7,54.71
2021-01-08,0.0,37.78,27.45,1009.08,16.62,50.17
2021-01-09,1.18,35.22,24.28,1008.47,16.39,49.27
2021-01-10,0.0,35.35,29.25,1008.33,13.27,57.17
2021-01-11,0.0,38.76,26.97,1006.16,14.02,59.29
2021-01-12,0.0,35.78,28.15,1007.55,12.65,60.83
2021-01-13,1.05,36.95,28.45,1008.09,12.56,59.47
2021-01-14,0.15,37.23,25.65,1006.51,17.72,54.99
2021-01-15,0.0,38.77,31.72,1009.38,18.09,48.11
2021-01-16,1.12,36.93,28.08,1007.95,13.45,61.79
2021-01-17,0.0,38.41,29.94,1008.34,18.91,61.56
2021-01-18,0.0,35.01,24.59,1007.0,14.2,44.9
2021-01-19,8.03,39.28,32.41,1006.75,12.49,68.78
2021-01-20,0.0,36.28,25.97,1007.84,19.0,52.94
2021-01-21,0.0,36.94,29.68,1009.89,15.92,48.42
2021-01-22,0.0,33.06,21.86,1007.19,12.21,64.74
2021-01-23,0.0,37.12,28.97,1006.17,13.98,55.89
2021-01-24,0.0,37.62,26.82,1008.19,19.25,53.05
2021-01-25,0.0,33.13,24.34,1007.95,14.85,54.14
2021-01-26,0.0,35.93,26.14,1008.94,10.78,55.62
2021-01-27,0.0,36.25,27.57,1006.8,11.93,58.44
2021-01-28,1.3,36.08,27.56,1008.52,11.76,55.57
2021-01-29,0.0,33.14,23.62,1009.44,15.44,49.72
2021-01-30,0.0,37.39,27.35,1009.1,16.58,56.26
2021-01-31,1.0,38.4,28.29,1006.89,12.23,51.58
2021-02-01,0.0,32.5,26.38,1007.28,10.19,48.76
2021-02-02,2.85,34.72,27.76,1008.24,16.24,62.22
2021-02-03,2.44,33.25,22.63,1005.69,13.41,61.95
2021-02-04,0.0,37.98,29.08,1007.27,15.47,57.74
2021-02-05,0.0,35.92,28.18,1008.54,14.38,49.11
2021-02-06,0.0,36.47,26.48,1008.17,7.9,65.56
2021-02-07,0.0,35.38,26.36,1007.27,13.74,62.94
2021-02-08,2.61,35.16,25.48,1007.67,12.28,55.95
2021-02-09,0.0,36.36,25.45,1007.06,14.0,57.07
2021-02-10,0.0,33.65,24.37,1008.57,11.4,55.49
2021-02-11,0.0,35.86,29.09,1007.44,12.4,56.47
2021-02-12,0.0,37.0,29.59,1007.12,10.19,58.34
2021-02-13,0.0,35.09,28.32,1009.53,10.45,53.74
2021-02-14,0.0,33.69,24.66,1008.4,15.94,55.1
2021-02-15,0.0,36.6,27.64,1007.51,10.71,39.12
2021-02-16,0.0,33.7,25.7,1009.75,22.27,53.47
2021-02-17,0.0,34.19,26.18,1010.18,13.2,53.0
2021-02-18,0.0,32.5,23.73,1007.22,15.46,45.25
2021-02-19,0.0,32.71,20.91,1004.93,9.81,51.46
2021-02-20,0.0,37.32,30.08,1007.61,18.28,52.9
2021-02-21,0.0,31.32,20.87,1008.45,14.92,53.76
2021-02-22,0.0,32.17,20.73,1009.74,13.53,54.08
2021-02-23,0.0,35.35,26.08,1007.7,16.77,49.75
2021-02-24,0.0,33.19,26.5,1008.22,15.76,58.1
2021-02-25,0.0,32.27,24.56,1007.3,18.05,51.73
2021-02-26,0.0,33.45,21.85,1006.68,17.5,57.65
2021-02-27,0.0,32.17,20.92,1007.57,12.31,57.4
2021-02-28,0.0,38.43,26.75,1007.65,17.54,66.72
2021-03-01,0.16,35.45,28.63,1009.41,13.21,56.39
2021-03-02,0.0,32.29,24.76,1005.97,6.28,53.46
2021-03-03,0.0,33.91,27.59,1007.22,14.13,61.29
2021-03-04,0.0,31.09,23.9,1008.35,16.61,46.58
2021-03-05,0.0,32.18,25.36,1009.45,15.34,51.01
2021-03-06,0.0,31.8,24.34,1008.71,12.73,57.5
2021-03-07,3.04,34.96,25.06,1007.56,12.29,49.81
2021-03-08,0.0,33.42,26.68,1007.01,8.93,49.4
2021-03-09,0.0,32.53,24.33,1008.57,10.92,53.13
2021-03-10,0.0,31.56,23.36,1008.91,14.8,50.88
2021-03-11,10.66,32.29,22.82,1009.35,17.0,62.48
2021-03-12,1.19,34.14,24.24,1009.43,19.29,56.88
2021-03-13,0.0,31.0,20.21,1008.55,12.65,56.19
2021-03-14,0.0,32.24,26.13,1006.49,17.29,44.04
2021-03-15,0.0,35.16,27.87,1008.71,14.01,61.15
2021-03-16,0.0,32.61,22.78,1007.11,15.76,53.97
2021-03-17,1.99,36.67,29.13,1009.44,17.57,53.58
2021-03-18,4.38,36.21,25.93,1008.29,16.08,49.37
2021-03-19,0.0,34.09,25.38,1007.9,13.04,49.85
2021-03-20,0.0,34.71,23.42,1007.41,12.03,53.82
2021-03-21,0.0,35.16,26.51,1006.97,18.59,54.59
2021-03-22,0.0,28.93,20.73,1006.57,18.14,55.58
2021-03-23,0.0,37.15,29.53,1008.44,14.86,54.26
2021-03-24,0.0,36.77,30.59,1009.46,14.58,66.96
2021-03-25,0.0,31.7,24.54,1007.66,13.66,57.83
2021-03-26,0.0,33.65,24.6,1010.67,16.42,50.76
2021-03-27,0.53,29.43,21.94,1007.47,18.16,61.62
2021-03-28,0.0,31.54,23.9,1007.79,14.17,56.42
2021-03-29,0.0,33.03,26.8,1007.64,16.36,55.65
2021-03-30,0.0,28.79,17.12,1011.06,12.58,55.95
2021-03-31,0.0,32.63,23.9,1005.6,8.52,60.24
2021-04-01,1.75,33.98,25.95,1009.38,16.63,58.22
2021-04-02,0.0,33.47,24.29,1009.35,20.56,51.57
2021-04-03,0.0,31.25,21.86,1009.44,13.49,50.94
2021-04-04,0.0,32.98,25.0,1005.3,17.37,54.07
2021-04-05,0.0,32.57,21.33,1008.43,10.35,49.39
2021-04-06,0.0,34.9,26.52,1007.42,12.99,48.29
2021-04-07,0.0,33.31,24.28,1008.34,13.94,56.45
2021-04-08,0.76,30.68,18.99,1007.62,11.87,59.68
2021-04-09,0.0,33.45,22.16,1008.15,18.63,55.43
2021-04-10,0.0,31.07,24.31,1008.2,8.8,56.11
2021-04-11,3.21,33.24,24.01,1007.17,14.75,58.49
2021-04-12,2.01,29.44,18.0,1006.82,15.86,49.56
2021-04-13,0.0,32.87,25.28,1007.48,14.94,55.65
2021-04-14,0.0,31.59,19.98,1008.1,16.12,60.95
2021-04-15,0.0,33.64,23.35,1008.12,14.1,59.03
2021-04-16,1.88,33.65,24.76,1006.39,14.35,48.54
2021-04-17,0.0,30.72,20.43,1005.15,9.25,59.08
2021-04-18,0.0,32.56,26.4,1006.59,16.07,51.58
2021-04-19,0.0,33.13,27.07,1006.76,14.45,55.49
2021-04-20,0.0,32.58,21.89,1008.21,15.18,57.27
2021-04-21,0.0,34.45,24.09,1007.32,11.92,51.7
2021-04-22,0.0,32.47,21.42,1009.59,16.72,55.62
2021-04-23,0.0,34.94,23.61,1006.23,20.83,50.74
2021-04-24,4.09,31.64,22.29,1007.74,11.52,56.27
2021-04-25,0.0,33.96,24.44,1004.89,11.36,62.02
2021-04-26,3.52,31.46,22.0,1006.96,13.64,51.08
2021-04-27,0.0,29.36,20.84,1009.64,13.63,55.08
2021-04-28,5.33,33.96,22.44,1007.01,12.97,49.63
2021-04-29,0.0,32.82,22.81,1008.32,11.59,42.73
2021-04-30,0.53,33.14,25.33,1010.13,17.22,53.47
2021-05-01,0.0,32.98,21.46,1007.23,17.0,67.19
2021-05-02,0.0,33.89,27.19,1010.08,14.32,49.61
2021-05-03,0.0,34.45,26.96,1008.76,11.47,58.21
2021-05-04,0.0,32.62,24.19,1008.5,22.81,49.63
2021-05-05,4.12,34.88,24.69,1010.5,11.86,54.95
2021-05-06,0.0,31.07,19.63,1009.8,11.61,55.84
2021-05-07,0.0,33.86,22.5,1010.18,12.2,47.21
2021-05-08,0.0,35.61,29.07,1008.64,12.8,59.08
2021-05-09,0.0,30.97,23.04,1007.24,12.76,51.31
2021-05-10,0.0,36.58,25.22,1006.83,11.7,60.85
2021-05-11,0.35,36.31,28.83,1007.16,15.17,59.95
2021-05-12,0.0,38.41,31.01,1008.56,12.77,58.92
2021-05-13,1.17,35.46,29.02,1004.81,12.37,58.64
2021-05-14,0.0,37.53,27.56,1008.62,17.36,52.38
2021-05-15,0.0,32.98,25.16,1010.09,17.97,54.15
2021-05-16,0.0,35.8,29.21,1008.42,16.29,50.1
2021-05-17,0.0,32.83,24.2,1007.75,11.72,50.11
2021-05-18,4.39,38.35,31.81,1005.58,13.13,55.02
2021-05-19,0.0,31.58,19.98,1007.67,11.05,52.74
2021-05-20,0.0,35.01,23.84,1006.55,14.6,54.95
2021-05-21,12.35,31.51,22.16,1006.21,15.47,57.43
2021-05-22,161.93,35.3,23.31,1000.07,51.47,98.7
2021-05-23,0.84,34.16,27.48,1009.11,15.22,59.83
2021-05-24,0.0,36.92,28.2,1006.65,13.18,43.99
2021-05-25,0.0,36.22,24.59,1008.56,15.22,56.78
2021-05-26,0.0,33.4,25.5,1005.59,8.58,53.63
2021-05-27,0.0,35.25,28.91,1006.61,13.29,53.36
2021-05-28,0.0,36.49,27.93,1009.21,10.27,49.37
2021-05-29,0.03,35.05,28.27,1010.16,15.3,58.71
2021-05-30,0.0,36.56,29.38,1007.16,15.98,49.63
2021-05-31,0.0,35.47,23.96,1006.67,18.05,47.44
2021-06-01,4.86,32.83,23.24,992.44,18.49,76.08
2021-06-02,9.01,34.31,22.86,995.75,10.57,86.26
2021-06-03,13.97,36.71,27.69,995.3,18.12,82.58
2021-06-04,11.64,33.05,25.91,994.88,14.62,89.87
2021-06-05,40.82,35.03,23.37,990.59,21.26,92.26
2021-06-06,19.97,35.53,24.16,991.19,16.68,79.12
2021-06-07,7.31,36.17,28.59,995.04,17.08,85.99
2021-06-08,18.48,34.64,27.6,993.46,20.89,86.43
2021-06-09,26.75,36.75,27.06,992.28,20.38,87.61
2021-06-10,29.33,33.37,26.81,995.87,18.22,89.78
2021-06-11,82.58,38.45,29.46,989.92,37.52,100.0
2021-06-12,56.52,36.52,25.95,991.73,27.01,96.45
2021-06-13,242.86,31.2,25.15,979.49,73.27,100.0
2021-06-14,21.79,36.68,27.49,994.75,21.03,87.95
2021-06-15,28.77,39.41,30.59,992.46,22.49,84.25
2021-06-16,1.75,32.29,21.8,998.29,15.97,85.62
2021-06-17,1.11,38.24,27.23,996.03,12.83,86.54
2021-06-18,15.71,36.39,24.82,994.84,23.33,91.01
2021-06-19,67.92,36.09,28.97,992.09,32.49,100.0
2021-06-20,12.09,35.52,28.02,994.28,15.16,89.94
2021-06-21,5.95,36.33,29.86,996.46,19.36,80.04
2021-06-22,22.4,36.87,30.62,998.41,19.51,89.31
2021-06-23,4.62,38.57,29.05,993.28,18.83,82.4
2021-06-24,8.62,41.43,30.72,996.19,21.08,78.68
2021-06-25,4.57,40.34,34.22,994.62,14.95,76.12
2021-06-26,58.96,37.47,28.53,993.62,29.37,98.37
2021-06-27,7.94,41.65,30.98,995.87,16.8,79.39
2021-06-28,0.98,37.01,28.82,995.38,20.17,76.87
2021-06-29,2.17,38.38,28.55,993.96,19.47,84.61
2021-06-30,11.45,36.58,26.69,991.2,12.3,90.18
2021-07-01,211.0,36.45,28.31,983.91,70.23,100.0
2021-07-02,1.25,35.16,28.75,996.96,13.67,87.23
2021-07-03,35.68,35.59,26.48,993.29,23.47,90.63
2021-07-04,23.75,38.4,27.13,993.0,18.41,76.36
2021-07-05,2.05,39.08,31.39,995.65,20.49,80.34
2021-07-06,4.95,39.61,29.85,996.3,12.81,85.32
2021-07-07,81.61,36.99,25.39,992.4,37.26,100.0
2021-07-08,6.92,41.23,34.6,996.46,18.09,81.28
2021-07-09,20.45,40.16,29.79,992.16,24.43,82.03
2021-07-10,33.65,35.37,27.91,993.54,25.44,91.87
2021-07-11,13.31,38.7,26.75,993.82,15.21,89.29
2021-07-12,19.49,41.67,31.04,994.16,13.68,94.52
2021-07-13,19.52,37.7,28.67,999.07,20.23,85.52
2021-07-14,21.85,38.77,31.96,995.45,16.44,88.79
2021-07-15,76.1,38.02,29.72,989.19,32.39,100.0
2021-07-16,5.24,36.87,27.2,995.73,20.44,86.19
2021-07-17,77.72,38.52,27.15,990.22,32.94,100.0
2021-07-18,167.94,38.71,29.04,982.8,57.11,100.0
2021-07-19,15.94,35.88,29.59,995.44,20.55,88.77
2021-07-20,4.98,40.47,32.54,995.31,13.36,83.86
2021-07-21,1.26,36.4,29.26,995.37,12.97,76.3
2021-07-22,18.57,40.0,30.15,994.81,18.48,85.66
2021-07-23,58.23,40.23,30.6,992.01,26.67,99.96
2021-07-24,4.24,39.93,30.66,993.55,15.41,82.99
2021-07-25,51.75,37.48,25.61,992.86,26.8,91.36
2021-07-26,12.68,39.66,32.01,993.68,20.07,82.42
2021-07-27,0.89,36.32,28.14,996.33,14.54,80.67
2021-07-28,16.37,40.61,31.72,992.58,16.92,87.83
2021-07-29,6.03,38.71,29.27,996.54,16.86,82.03
2021-07-30,79.81,37.89,31.59,990.18,36.5,99.57
2021-07-31,21.36,43.63,34.69,993.44,14.1,88.88
2021-08-01,16.99,41.1,33.13,995.19,18.23,84.13
2021-08-02,22.02,41.34,32.61,995.72,23.04,89.29
2021-08-03,18.32,46.06,38.93,994.55,19.46,90.86
2021-08-04,188.71,35.86,26.32,985.7,60.75,100.0
2021-08-05,5.38,44.47,36.51,996.57,13.55,75.24
2021-08-06,220.92,37.34,30.97,983.18,65.92,100.0
2021-08-07,1.9,37.13,28.95,998.05,16.46,77.04
2021-08-08,98.81,38.09,29.41,992.87,40.87,100.0
2021-08-09,18.59,39.23,32.72,994.04,15.98,90.72
2021-08-10,32.8,39.34,31.14,990.34,21.3,88.68
2021-08-11,30.52,40.54,33.38,991.48,21.15,92.24
2021-08-12,7.23,41.95,35.49,994.22,16.89,79.62
2021-08-13,11.62,38.1,28.2,995.87,17.19,80.41
2021-08-14,16.09,43.37,31.37,995.45,13.59,95.19
2021-08-15,7.14,36.93,25.45,995.05,11.61,76.91
2021-08-16,13.55,43.91,35.9,997.55,17.5,91.52
2021-08-17,14.22,41.28,33.23,996.74,17.0,80.78
2021-08-18,19.2,40.08,28.31,997.51,22.57,89.79
2021-08-19,3.24,43.3,32.14,993.0,13.62,85.4
2021-08-20,30.94,42.09,30.41,992.55,16.48,86.98
2021-08-21,26.13,44.18,36.47,995.04,22.77,86.45
2021-08-22,1.62,47.66,37.29,996.32,18.09,74.58
2021-08-23,24.65,39.29,32.78,995.68,19.29,87.38
2021-08-24,19.42,43.92,35.82,995.85,13.85,80.35
2021-08-25,164.6,43.44,33.21,985.33,54.78,100.0
2021-08-26,30.37,40.46,33.33,997.34,31.31,95.59
2021-08-27,46.59,40.59,30.27,993.69,28.57,95.98
2021-08-28,263.77,41.96,32.71,979.61,81.28,100.0
2021-08-29,0.23,45.53,34.03,996.92,17.1,88.13
2021-08-30,102.06,46.25,37.75,990.47,40.01,100.0
2021-08-31,2.16,43.31,31.94,997.0,11.54,85.24
2021-09-01,24.31,44.66,37.54,992.72,15.58,95.01
2021-09-02,6.64,39.53,30.84,994.73,19.08,79.81
2021-09-03,99.35,42.84,35.9,991.68,39.25,100.0
2021-09-04,29.44,44.29,33.79,994.03,28.84,89.46
2021-09-05,11.03,41.88,33.92,995.51,15.1,86.08
2021-09-06,0.68,41.15,33.57,993.1,15.68,77.75
2021-09-07,20.24,44.31,37.88,992.24,20.82,91.71
2021-09-08,39.19,42.06,32.21,996.73,24.13,91.67
2021-09-09,42.13,39.96,30.11,992.18,26.78,96.59
2021-09-10,11.73,44.68,35.51,995.54,24.86,88.51
2021-09-11,38.74,42.81,33.12,994.76,20.96,93.43
2021-09-12,40.92,40.49,29.46,991.9,25.96,86.73
2021-09-13,76.97,46.18,38.12,990.23,35.46,100.0
2021-09-14,86.95,45.89,36.67,991.26,31.85,100.0
2021-09-15,229.72,43.35,34.02,982.16,72.63,100.0
2021-09-16,137.9,42.98,33.82,988.83,50.59,100.0
2021-09-17,6.55,43.22,36.24,994.51,12.95,89.28
2021-09-18,17.43,43.95,36.13,993.86,15.5,89.5
2021-09-19,32.62,39.83,29.34,993.36,23.81,90.07
2021-09-20,62.27,41.39,33.04,992.58,32.42,100.0
2021-09-21,27.44,41.28,30.97,993.97,26.47,90.41
2021-09-22,8.02,45.12,33.74,994.66,7.51,90.2
2021-09-23,0.88,38.68,27.13,995.73,14.41,80.4
2021-09-24,22.29,46.75,36.39,993.34,18.11,85.61
2021-09-25,97.02,44.42,36.88,990.85,33.81,100.0
2021-09-26,20.32,39.1,30.82,996.12,23.82,85.04
2021-09-27,16.82,42.67,33.3,995.65,14.18,85.07
2021-09-28,58.58,47.47,37.32,991.08,31.54,98.05
2021-09-29,23.52,42.88,31.95,993.47,23.25,90.99
2021-09-30,91.12,45.17,34.42,988.92,36.66,99.88
2021-10-01,0.0,41.98,34.8,1007.43,12.34,49.51
2021-10-02,4.57,43.18,33.91,1009.19,11.66,64.28
2021-10-03,0.14,47.32,35.99,1005.2,12.61,48.52
2021-10-04,0.0,43.02,32.21,1006.21,12.61,40.58
2021-10-05,0.0,39.59,28.28,1007.9,9.72,56.97
2021-10-06,0.0,43.56,35.19,1007.45,17.13,54.89
2021-10-07,0.0,44.55,37.83,1006.32,13.35,50.3
2021-10-08,0.0,41.75,30.82,1008.75,15.52,62.03
2021-10-09,0.0,43.0,33.49,1006.42,12.84,43.97
2021-10-10,0.0,40.93,31.18,1007.5,14.8,55.7
2021-10-11,0.0,43.22,36.88,1007.04,14.22,59.84
2021-10-12,0.0,42.18,35.41,1009.11,21.18,51.16
2021-10-13,133.98,42.73,31.36,999.28,43.87,95.48
2021-10-14,0.0,44.71,37.51,1009.53,16.0,49.89
2021-10-15,0.0,44.19,35.47,1009.0,15.52,57.18
2021-10-16,0.0,40.97,34.27,1006.3,11.39,51.6
2021-10-17,0.0,43.42,33.3,1007.17,8.16,59.89
2021-10-18,0.0,42.64,31.61,1008.04,20.22,51.07
2021-10-19,0.0,42.45,32.74,1010.32,16.87,54.47
2021-10-20,0.0,41.95,34.57,1009.96,17.59,53.28
2021-10-21,0.0,41.62,31.77,1009.68,12.67,53.56
2021-10-22,0.79,41.87,30.03,1009.35,11.42,54.67
2021-10-23,5.1,44.58,36.2,1008.63,11.77,52.93
2021-10-24,0.0,39.9,28.21,1009.1,13.96,53.29
2021-10-25,0.0,39.1,30.62,1010.85,16.7,60.62
2021-10-26,0.0,45.32,37.1,1010.68,8.06,54.26
2021-10-27,0.0,43.13,33.16,1006.98,13.48,60.49
2021-10-28,0.0,44.27,37.77,1008.11,13.23,48.31
2021-10-29,0.0,39.89,30.92,1008.66,16.53,58.77
2021-10-30,0.0,39.2,28.81,1007.0,12.0,52.38
2021-10-31,0.0,40.58,30.65,1008.44,12.9,57.52
2021-11-01,0.0,42.13,32.04,1008.46,13.54,51.8
2021-11-02,0.0,40.95,30.72,1007.45,10.15,62.38
2021-11-03,0.91,41.74,34.22,1008.77,18.13,55.96
2021-11-04,0.0,41.05,30.78,1008.76,9.75,46.66
2021-11-05,0.0,41.68,32.79,1006.48,9.56,48.3
2021-11-06,199.69,39.37,28.47,995.6,63.73,100.0
2021-11-07,0.0,40.06,29.68,1006.83,11.7,52.69
2021-11-08,0.0,37.45,26.21,1008.5,9.1,49.8
2021-11-09,0.0,44.18,36.45,1006.23,11.91,55.62
2021-11-10,0.0,41.51,31.53,1008.9,12.31,53.15
2021-11-11,138.87,41.14,30.57,999.15,48.83,95.09
2021-11-12,0.0,38.08,30.3,1008.92,15.84,56.93
2021-11-13,5.7,43.06,34.91,1004.62,16.14,51.73
2021-11-14,0.0,44.43,34.89,1007.66,14.32,50.47
2021-11-15,0.0,39.51,29.25,1008.57,8.77,50.39
2021-11-16,0.0,43.09,32.31,1008.26,17.2,53.71
2021-11-17,0.0,43.97,37.46,1008.74,15.7,51.52
2021-11-18,220.7,43.98,33.81,992.39,66.89,100.0
2021-11-19,184.23,44.69,35.63,997.16,54.49,100.0
2021-11-20,143.69,43.03,31.95,996.77,48.9,97.9
2021-11-21,171.66,42.34,32.63,998.39,56.25,100.0
2021-11-22,0.0,42.87,35.58,1006.48,12.45,49.88
2021-11-23,0.0,37.54,31.37,1007.73,9.34,62.83
2021-11-24,0.0,42.21,33.24,1008.64,15.19,51.26
2021-11-25,0.0,40.69,30.22,1009.67,17.65,57.4
2021-11-26,0.0,42.23,33.31,1007.91,18.43,54.03
2021-11-27,0.0,40.5,28.69,1006.02,16.19,57.96
2021-11-28,164.86,42.78,36.48,998.8,55.69,100.0
2021-11-29,0.0,41.12,34.81,1005.31,15.12,52.96
2021-11-30,0.0,42.64,32.06,1003.72,18.29,53.7
2021-12-01,0.0,36.4,25.94,1006.14,8.48,61.64
2021-12-02,0.64,36.86,27.77,1010.57,15.64,50.22
2021-12-03,0.0,40.2,28.35,1005.45,16.91,46.5
2021-12-04,2.33,42.08,31.85,1008.89,10.9,66.68
2021-12-05,0.0,40.16,28.57,1008.9,17.27,66.83
2021-12-06,0.0,40.21,31.93,1005.57,15.1,54.8
2021-12-07,0.0,37.83,31.54,1007.79,15.12,62.28
2021-12-08,0.0,40.39,32.87,1006.3,12.82,51.19
2021-12-09,10.65,38.33,31.13,1006.77,14.65,58.87
2021-12-10,0.0,38.97,29.13,1007.94,9.26,52.04
2021-12-11,0.0,37.73,30.65,1010.7,15.87,64.05
2021-12-12,0.0,40.12,30.08,1007.48,15.04,51.57
2021-12-13,0.0,36.99,25.25,1010.3,14.69,54.57
2021-12-14,0.0,41.11,29.14,1007.05,12.78,47.06
2021-12-15,0.0,37.92,29.26,1006.61,14.32,54.53
2021-12-16,0.0,39.76,29.84,1007.0,14.43,54.58
2021-12-17,0.0,41.07,34.52,1009.17,9.28,55.41
2021-12-18,4.16,38.92,27.29,1006.08,15.09,56.96
2021-12-19,0.95,35.51,27.83,1006.9,16.56,56.18
2021-12-20,0.0,39.98,29.71,1006.38,10.65,60.82
2021-12-21,0.0,41.24,32.52,1007.78,10.52,53.72
2021-12-22,0.0,37.94,29.28,1008.05,16.05,60.35
2021-12-23,0.0,41.56,32.31,1008.43,11.51,52.99
2021-12-24,0.0,40.7,31.18,1007.88,17.1,57.96
2021-12-25,0.0,39.18,28.36,1004.26,9.85,47.2
2021-12-26,6.15,38.94,30.46,1006.58,20.58,52.43
2021-12-27,2.25,39.57,32.55,1008.63,15.43,59.37
2021-12-28,0.0,44.13,32.61,1006.46,13.64,59.6
2021-12-29,0.0,35.04,27.31,1005.76,15.98,52.89
2021-12-30,2.83,37.11,30.74,1006.29,17.39,52.02
2021-12-31,0.0,37.61,28.78,1005.74,15.04,57.46
2022-01-01,0.0,39.73,33.67,1008.67,16.46,54.02
2022-01-02,0.0,41.25,33.16,1011.71,20.41,56.41
2022-01-03,0.0,39.18,32.25,1008.64,7.35,49.16
2022-01-04,0.0,39.11,27.85,1006.05,16.47,54.18
2022-01-05,0.0,37.07,25.37,1007.45,17.61,55.04
2022-01-06,2.32,38.85,31.15,1007.23,17.93,61.69
2022-01-07,0.0,37.22,29.49,1007.32,15.61,57.77
2022-01-08,0.0,40.39,29.43,1010.36,9.08,52.26
2022-01-09,0.0,32.53,23.89,1010.51,14.78,52.58
2022-01-10,0.0,36.39,29.03,1006.04,8.54,60.94
2022-01-11,0.0,34.21,27.28,1008.27,13.48,60.01
2022-01-12,0.0,36.97,27.64,1007.18,19.3,57.51
2022-01-13,0.73,36.88,29.59,1006.27,13.66,53.04
2022-01-14,3.09,34.5,28.45,1007.98,13.32,58.24
2022-01-15,0.0,38.58,30.69,1005.34,13.76,54.4
2022-01-16,1.4,34.14,28.07,1009.17,21.67,57.6
2022-01-17,0.0,34.97,25.53,1011.69,10.64,51.23
2022-01-18,0.0,39.86,30.84,1008.05,14.45,53.54
2022-01-19,0.0,38.34,29.78,1006.13,19.8,56.28
2022-01-20,0.0,32.34,21.82,1007.93,12.42,48.39
2022-01-21,0.0,34.9,27.61,1010.33,9.96,50.51
2022-01-22,3.4,35.55,27.23,1005.36,14.71,57.07
2022-01-23,0.24,39.46,30.94,1010.3,12.16,54.59
2022-01-24,0.0,33.61,26.99,1008.02,10.27,57.25
2022-01-25,0.0,35.09,27.13,1008.81,13.88,47.63
2022-01-26,2.78,37.73,30.74,1007.92,16.41,58.81
2022-01-27,1.27,34.7,27.12,1006.86,7.99,62.08
2022-01-28,0.0,37.15,29.12,1006.91,17.21,48.57
2022-01-29,0.0,34.62,24.22,1002.98,14.77,51.85
2022-01-30,0.0,34.54,26.12,1010.57,14.06,49.34
2022-01-31,1.62,33.89,25.01,1009.18,13.54,61.24
2022-02-01,0.0,34.52,23.45,1006.05,17.88,48.58
2022-02-02,0.0,31.72,22.26,1009.62,12.09,53.79
2022-02-03,0.0,34.5,24.6,1009.05,10.94,46.97
2022-02-04,0.0,33.17,22.85,1005.37,16.07,55.09
2022-02-05,1.75,36.64,30.34,1008.13,17.79,56.68
2022-02-06,0.0,35.49,25.54,1008.19,12.26,54.61
2022-02-07,0.0,34.0,23.86,1007.95,10.8,54.74
2022-02-08,0.0,35.13,25.39,1006.96,18.05,55.12
2022-02-09,0.0,33.39,23.99,1010.56,10.05,61.55
2022-02-10,0.0,35.54,29.51,1006.75,13.17,51.64
2022-02-11,0.0,35.51,26.86,1005.93,13.93,54.71
2022-02-12,0.0,36.85,26.67,1009.41,12.11,53.51
2022-02-13,0.0,34.01,27.17,1007.99,16.36,46.11
2022-02-14,7.18,35.93,25.25,1007.22,17.57,64.25
2022-02-15,0.0,37.13,27.81,1010.17,15.31,56.63
2022-02-16,0.0,34.31,25.23,1006.72,13.36,61.26
2022-02-17,0.0,33.21,23.52,1008.05,13.0,56.59
2022-02-18,0.0,31.95,25.21,1008.48,13.83,56.27
2022-02-19,0.0,35.21,25.55,1006.53,11.91,56.21
2022-02-20,0.0,31.01,22.24,1006.6,17.01,53.48
2022-02-21,0.0,35.63,24.94,1007.38,9.11,57.78
2022-02-22,0.0,34.07,26.03,1007.86,17.36,48.16
2022-02-23,0.0,36.09,28.51,1008.49,5.64,60.49
2022-02-24,2.03,35.91,25.49,1010.47,12.37,56.2
2022-02-25,2.27,33.12,24.55,1007.56,8.78,58.74
2022-02-26,0.0,31.1,20.57,1009.77,17.87,61.98
2022-02-27,0.0,34.91,24.01,1007.77,9.46,57.67
2022-02-28,0.0,33.13,25.36,1004.84,10.21,55.28
2022-03-01,0.0,33.81,23.46,1009.3,19.99,50.09
2022-03-02,0.0,35.01,26.02,1005.43,9.01,58.1
2022-03-03,0.0,33.18,26.56,1007.81,10.23,59.4
2022-03-04,0.0,29.71,20.6,1007.78,17.29,44.93
2022-03-05,14.51,29.8,19.54,1005.75,20.81,57.19
2022-03-06,0.0,32.37,21.29,1008.48,11.48,58.44
2022-03-07,0.95,32.51,24.13,1007.88,15.98,55.74
2022-03-08,0.0,33.82,27.57,1009.96,16.17,46.13
2022-03-09,0.0,32.61,25.29,1008.77,15.23,57.64
2022-03-10,0.0,26.92,19.4,1008.59,12.5,55.03
2022-03-11,5.44,32.39,23.29,1009.97,19.46,52.94
2022-03-12,0.0,34.88,27.65,1009.4,12.84,44.64
2022-03-13,0.0,31.72,24.89,1009.74,14.82,54.71
2022-03-14,0.0,30.87,24.44,1010.98,19.69,54.43
2022-03-15,0.0,32.44,25.92,1009.03,13.49,58.02
2022-03-16,0.0,31.92,21.62,1009.59,12.76,51.38
2022-03-17,4.17,34.63,22.97,1006.35,22.56,64.95
2022-03-18,0.0,32.58,22.97,1004.96,20.26,52.87
2022-03-19,0.0,34.03,25.54,1007.84,18.72,58.79
2022-03-20,0.0,34.74,25.61,1006.73,16.63,51.33
2022-03-21,0.0,30.55,21.67,1009.73,9.87,63.5
2022-03-22,8.15,36.56,28.09,1007.64,12.69,48.75
2022-03-23,0.0,37.12,28.13,1011.09,13.96,49.4
2022-03-24,0.34,33.37,23.41,1008.97,16.51,54.13
2022-03-25,0.0,31.78,20.02,1009.93,14.96,56.44
2022-03-26,0.79,31.04,19.9,1006.55,11.64,52.02
2022-03-27,0.0,33.6,27.57,1010.07,8.25,47.64
2022-03-28,2.82,35.13,24.76,1009.28,16.01,57.85
2022-03-29,3.36,33.18,23.75,1008.12,14.59,59.25
2022-03-30,0.0,34.51,28.06,1007.94,19.95,55.06
2022-03-31,0.0,34.67,23.02,1008.25,13.56,51.72
2022-04-01,1.0,34.75,23.67,1008.06,16.87,67.43
2022-04-02,0.0,34.81,26.51,1007.66,13.48,63.57
2022-04-03,6.58,36.38,28.17,1007.11,21.54,56.78
2022-04-04,0.0,35.19,24.96,1009.61,16.59,54.92
2022-04-05,0.0,30.23,22.39,1007.66,14.37,52.91
2022-04-06,0.0,35.07,27.11,1006.88,12.02,52.43
2022-04-07,0.0,32.76,23.71,1006.39,17.06,62.18
2022-04-08,0.0,32.95,25.27,1007.86,12.65,51.22
2022-04-09,0.0,37.22,28.93,1008.42,11.22,61.22
2022-04-10,0.0,32.21,25.73,1008.05,15.91,54.41
2022-04-11,0.0,34.47,23.55,1010.21,9.87,52.63
2022-04-12,0.0,36.65,27.26,1011.41,14.73,56.51
2022-04-13,0.0,32.56,23.59,1007.3,14.05,61.05
2022-04-14,0.0,32.3,21.9,1007.1,12.65,49.91
2022-04-15,0.0,35.79,27.58,1006.57,11.25,55.63
2022-04-16,0.0,36.06,25.71,1006.09,14.92,53.84
2022-04-17,0.0,30.63,18.97,1007.57,11.72,58.32
2022-04-18,0.0,34.4,23.8,1009.41,19.18,52.65
2022-04-19,0.0,34.36,22.5,1006.16,12.82,45.45
2022-04-20,0.0,35.67,25.1,1008.22,15.72,56.99
2022-04-21,0.0,34.98,27.77,1007.49,13.05,56.57
2022-04-22,0.0,33.74,22.76,1010.95,10.08,53.27
2022-04-23,0.0,39.9,29.07,1008.81,15.14,61.83
2022-04-24,0.0,35.01,26.55,1006.41,12.87,58.5
2022-04-25,0.89,29.66,20.45,1009.72,13.4,46.74
2022-04-26,0.0,35.01,26.74,1006.63,11.31,39.84
2022-04-27,2.9,34.51,26.7,1005.18,13.75,50.02
2022-04-28,0.0,30.71,21.66,1008.24,15.38,50.38
2022-04-29,0.0,33.4,26.97,1006.52,9.46,58.15
2022-04-30,0.0,35.21,25.92,1008.05,8.66,62.51
2022-05-01,0.0,35.19,26.6,1007.27,15.2,57.04
2022-05-02,0.0,31.64,23.86,1006.41,11.27,58.8
2022-05-03,204.44,32.49,23.64,993.71,62.21,100.0
2022-05-04,0.0,31.76,24.62,1008.54,12.74,58.11
2022-05-05,0.0,31.35,21.25,1009.91,18.1,54.72
2022-05-06,0.0,33.92,25.76,1009.34,19.76,53.23
2022-05-07,0.0,32.8,26.13,1007.53,16.48,47.44
2022-05-08,0.0,34.01,27.75,1004.58,10.82,52.5
2022-05-09,0.0,28.47,16.74,1007.73,14.26,47.53
2022-05-10,0.0,33.7,24.92,1008.98,14.62,51.12
2022-05-11,1.97,32.52,22.33,1007.97,10.96,57.93
2022-05-12,0.0,29.42,21.49,1009.01,15.83,55.77
2022-05-13,1.54,36.27,27.76,1007.3,20.47,51.0
2022-05-14,2.25,33.24,25.15,1006.25,8.41,53.76
2022-05-15,0.09,35.57,28.88,1007.94,18.19,61.6
2022-05-16,1.76,35.89,24.89,1010.41,15.06,53.19
2022-05-17,0.0,36.78,25.43,1005.71,17.94,54.92
2022-05-18,0.16,34.25,26.23,1007.2,16.96,59.41
2022-05-19,125.38,35.32,28.46,997.9,43.81,95.06
2022-05-20,0.0,34.76,28.0,1010.2,12.08,62.42
2022-05-21,0.0,30.42,22.97,1007.95,13.23,54.73
2022-05-22,0.11,37.17,26.29,1008.99,9.67,54.87
2022-05-23,0.0,35.6,28.97,1007.65,15.19,55.85
2022-05-24,1.46,34.57,24.13,1006.9,9.65,50.18
2022-05-25,0.0,34.73,27.78,1007.24,12.08,56.59
2022-05-26,0.0,34.97,28.84,1007.49,14.71,36.56
2022-05-27,1.18,37.33,28.14,1008.93,10.36,57.32
2022-05-28,0.72,35.42,26.04,1005.65,17.48,57.68
2022-05-29,0.0,37.42,31.13,1006.72,16.14,50.15
2022-05-30,0.0,33.6,26.64,1010.32,18.31,45.86
2022-05-31,1.77,35.62,29.48,1004.79,17.28,52.77
2022-06-01,22.6,33.5,25.2,993.06,13.49,82.88
2022-06-02,52.48,32.52,22.06,993.29,31.24,98.46
2022-06-03,42.49,37.43,29.35,994.41,18.47,91.34
2022-06-04,22.67,34.88,27.52,995.58,19.02,70.79
2022-06-05,6.78,36.86,26.24,994.38,21.09,82.45
2022-06-06,37.28,34.75,28.0,992.97,24.55,90.2
2022-06-07,17.76,37.19,27.07,997.12,15.05,91.76
2022-06-08,32.61,35.64,29.0,994.86,26.88,91.54
2022-06-09,7.02,36.78,25.23,993.58,17.49,77.96
2022-06-10,40.06,37.29,29.26,992.61,23.12,87.84
2022-06-11,44.21,36.6,28.21,993.37,20.41,100.0
2022-06-12,13.97,36.49,25.88,996.23,16.28,86.2
2022-06-13,8.16,41.86,30.3,996.29,12.87,93.44
2022-06-14,74.6,35.82,25.77,991.1,36.91,100.0
2022-06-15,37.59,36.64,29.96,994.22,21.8,96.8
2022-06-16,42.05,38.28,29.51,995.93,20.29,88.13
2022-06-17,28.33,34.71,25.75,995.21,20.72,97.79
2022-06-18,21.54,34.89,23.52,997.32,18.51,90.68
2022-06-19,36.63,39.01,32.32,992.27,26.48,91.51
2022-06-20,12.83,41.45,29.62,995.32,17.53,82.66
2022-06-21,55.66,37.33,29.34,991.47,28.5,97.74
2022-06-22,20.64,38.4,32.37,996.2,15.14,86.59
2022-06-23,67.67,37.56,29.98,989.19,32.27,95.68
2022-06-24,128.44,38.21,29.67,990.88,40.19,100.0
2022-06-25,248.04,37.68,30.57,981.34,79.16,100.0
2022-06-26,2.46,39.48,32.88,997.25,17.5,88.57
2022-06-27,123.23,35.58,26.23,988.05,44.23,100.0
2022-06-28,147.47,35.7,24.07,990.44,50.04,100.0
2022-06-29,0.84,39.1,29.47,995.36,16.15,93.81
2022-06-30,2.7,37.43,31.41,995.36,12.72,81.18
2022-07-01,17.92,38.68,27.05,995.74,14.69,92.22
2022-07-02,8.19,38.22,29.58,992.87,22.21,85.19
2022-07-03,13.71,37.21,26.76,993.65,19.72,91.98
2022-07-04,7.47,37.01,27.71,999.62,24.34,82.47
2022-07-05,217.64,38.12,31.01,981.91,72.27,100.0
2022-07-06,84.23,40.73,32.86,988.46,29.37,100.0
2022-07-07,202.1,34.6,25.78,983.05,63.96,100.0
2022-07-08,54.59,38.29,30.99,993.59,23.18,92.75
2022-07-09,5.43,40.87,34.68,995.57,19.12,87.06
2022-07-10,39.9,39.34,31.34,993.85,22.96,93.98
2022-07-11,0.2,38.26,31.2,995.3,14.95,85.9
2022-07-12,248.96,36.39,25.02,983.0,77.82,100.0
2022-07-13,2.94,38.21,28.87,995.07,16.56,89.61
2022-07-14,190.97,40.89,32.43,984.41,55.09,100.0
2022-07-15,16.62,35.21,27.66,995.43,18.42,84.52
2022-07-16,7.32,41.86,31.35,997.24,18.76,84.24
2022-07-17,77.12,36.49,24.59,992.84,30.7,100.0
2022-07-18,233.12,42.11,32.17,985.16,70.73,100.0
2022-07-19,26.53,42.47,35.11,993.68,18.96,87.66
2022-07-20,13.03,38.76,29.22,996.92,14.42,89.94
2022-07-21,5.15,40.01,31.99,995.76,12.33,87.16
2022-07-22,8.48,37.87,30.29,994.74,13.38,84.45
2022-07-23,167.16,40.25,34.13,985.44,57.17,100.0
2022-07-24,228.67,42.31,32.7,982.24,73.0,100.0
2022-07-25,89.44,40.62,31.22,989.38,34.91,100.0
2022-07-26,17.74,43.33,32.66,992.91,18.74,94.81
2022-07-27,54.64,39.55,31.87,993.37,23.34,96.19
2022-07-28,7.38,40.6,30.9,997.41,8.69,81.39
2022-07-29,69.18,36.66,27.67,990.42,35.06,88.67
2022-07-30,4.22,38.95,32.56,994.89,13.81,90.78
2022-07-31,27.59,39.78,31.45,997.32,25.35,83.7
2022-08-01,19.12,40.38,33.57,994.96,14.45,92.47
2022-08-02,0.52,42.49,35.28,997.15,14.51,74.25
2022-08-03,5.29,38.84,31.61,994.97,13.71,85.92
2022-08-04,0.81,41.09,29.65,994.46,15.85,88.6
2022-08-05,10.6,41.34,30.99,994.44,16.75,83.37
2022-08-06,34.35,39.63,30.56,992.75,25.18,90.28
2022-08-07,17.98,43.82,35.82,995.56,16.91,91.28
2022-08-08,22.12,37.04,29.44,994.27,21.51,87.9
2022-08-09,0.33,43.24,36.73,995.99,17.54,87.91
2022-08-10,30.96,36.35,28.49,993.12,15.24,86.74
2022-08-11,15.85,45.86,34.88,994.49,15.07,77.1
2022-08-12,14.75,39.5,29.78,994.88,17.91,80.63
2022-08-13,0.2,40.98,29.11,999.03,13.05,86.49
2022-08-14,1.3,43.16,31.71,994.5,15.16,81.49
2022-08-15,10.37,41.67,32.47,995.06,12.0,84.5
2022-08-16,34.24,38.29,26.56,994.47,21.08,84.86
2022-08-17,7.42,42.37,32.89,996.58,16.65,81.43
2022-08-18,5.1,40.64,32.54,993.41,11.95,84.55
2022-08-19,34.16,40.69,29.12,989.76,17.24,100.0
2022-08-20,24.18,40.26,29.54,994.38,17.62,88.01
2022-08-21,28.13,44.14,35.94,993.66,25.83,98.08
2022-08-22,12.72,35.39,23.41,995.68,13.2,85.68
2022-08-23,20.15,43.29,33.04,995.77,20.85,85.99
2022-08-24,62.69,42.2,32.32,993.74,27.76,100.0
2022-08-25,38.32,42.11,33.16,997.01,21.96,89.49
2022-08-26,4.84,43.31,33.65,993.37,16.42,81.08
2022-08-27,43.07,42.73,31.78,993.2,23.25,96.12
2022-08-28,15.17,41.74,32.13,993.09,21.09,83.17
2022-08-29,51.39,41.72,35.22,993.29,25.55,100.0
2022-08-30,66.77,42.28,33.55,989.22,34.61,96.8
2022-08-31,39.91,40.81,30.75,995.91,24.62,93.92
2022-09-01,36.55,42.01,34.5,995.82,22.69,92.76
2022-09-02,20.79,43.31,31.84,994.79,17.97,82.95
2022-09-03,15.44,42.67,33.24,997.21,18.89,88.6
2022-09-04,3.97,38.98,32.68,994.94,8.35,82.21
2022-09-05,8.11,41.02,34.72,996.7,16.54,87.37
2022-09-06,10.87,43.18,36.18,993.84,24.1,89.17
2022-09-07,85.5,44.64,36.05,989.92,37.79,92.93
2022-09-08,34.95,42.92,34.96,992.37,28.74,88.57
2022-09-09,19.08,45.99,35.75,995.32,24.69,89.61
2022-09-10,57.9,45.59,36.1,991.81,28.86,96.41
2022-09-11,15.63,42.98,34.1,993.78,18.63,82.44
2022-09-12,37.5,42.37,30.65,995.01,22.14,96.94
2022-09-13,4.86,45.66,36.15,992.9,15.41,91.77
2022-09-14,3.1,42.47,36.19,995.45,17.14,85.24
2022-09-15,15.94,46.34,35.27,996.88,15.07,80.02
2022-09-16,66.19,43.14,34.68,991.77,30.5,100.0
2022-09-17,22.6,41.81,30.43,994.31,18.52,90.36
2022-09-18,41.99,39.87,28.71,992.65,25.81,100.0
2022-09-19,167.42,41.77,31.8,985.07,55.29,100.0
2022-09-20,6.52,43.66,32.45,996.45,20.51,85.14
2022-09-21,4.23,43.43,31.85,992.09,13.67,77.94
2022-09-22,9.62,44.93,35.78,996.1,16.78,77.59
2022-09-23,22.68,41.78,33.59,992.76,19.47,91.56
2022-09-24,39.39,43.96,32.59,991.22,25.88,93.63
2022-09-25,210.48,43.86,32.9,983.64,67.32,100.0
2022-09-26,13.49,45.69,37.01,991.64,13.9,98.75
2022-09-27,1.38,47.23,40.39,993.93,12.61,83.89
2022-09-28,67.08,41.89,35.81,991.21,32.11,100.0
2022-09-29,26.67,42.59,30.86,991.67,23.16,85.47
2022-09-30,16.21,41.47,30.67,994.91,20.5,82.22
2022-10-01,242.82,43.43,32.57,993.17,74.63,100.0
2022-10-02,0.0,42.53,35.53,1006.03,19.31,61.24
2022-10-03,0.0,43.28,35.56,1006.5,11.34,51.88
2022-10-04,128.77,40.79,31.74,1001.37,47.21,97.01
2022-10-05,0.0,40.39,30.59,1007.73,16.97,53.09
2022-10-06,0.0,40.56,29.9,1007.15,9.37,54.62
2022-10-07,3.75,43.28,34.57,1005.45,17.93,57.18
2022-10-08,0.0,42.88,33.24,1007.58,19.95,58.79
2022-10-09,0.0,44.09,36.06,1006.91,13.7,55.23
2022-10-10,0.0,44.31,34.52,1007.05,8.66,60.32
2022-10-11,0.0,46.71,38.11,1007.61,12.18,51.85
2022-10-12,138.15,44.46,37.25,1000.7,48.55,99.37
2022-10-13,0.0,42.02,34.7,1008.35,17.45,51.88
2022-10-14,0.0,42.56,34.51,1007.73,8.77,49.72
2022-10-15,1.08,42.34,34.1,1007.18,15.71,62.24
2022-10-16,0.0,44.11,32.77,1010.55,11.14,58.2
2022-10-17,0.0,43.59,34.55,1006.9,14.24,60.89
2022-10-18,1.13,42.87,31.08,1005.4,17.11,56.24
2022-10-19,0.0,42.57,31.36,1009.74,11.9,53.04
2022-10-20,0.0,42.73,34.48,1006.99,17.69,57.64
2022-10-21,0.0,41.26,30.37,1008.62,15.64,55.65
2022-10-22,1.77,38.16,31.76,1008.54,18.22,64.56
2022-10-23,0.0,41.69,32.43,1005.24,11.9,53.95
2022-10-24,0.0,46.48,40.14,1008.2,16.54,52.14
2022-10-25,226.88,45.12,38.2,992.02,69.57,100.0
2022-10-26,0.0,43.76,34.11,1009.71,11.78,42.53
2022-10-27,0.0,40.23,28.89,1008.86,13.96,50.11
2022-10-28,0.0,43.85,35.9,1010.38,15.64,52.67
2022-10-29,0.0,39.96,29.31,1007.19,10.02,53.56
2022-10-30,0.07,42.48,32.51,1007.71,10.68,49.18
2022-10-31,0.0,43.36,36.02,1007.08,13.15,60.26
2022-11-01,0.0,41.41,32.27,1009.27,7.39,53.9
2022-11-02,0.4,45.93,38.76,1009.32,15.79,54.43
2022-11-03,0.0,41.49,29.87,1010.47,13.1,63.43
2022-11-04,0.0,44.1,35.95,1008.35,11.05,51.57
2022-11-05,96.88,42.88,32.91,1003.38,41.38,85.79
2022-11-06,0.0,43.3,33.11,1007.69,15.27,46.98
2022-11-07,2.24,41.35,29.66,1007.66,17.17,57.31
2022-11-08,0.0,46.03,34.27,1008.22,15.65,53.19
2022-11-09,0.0,41.58,29.86,1009.01,13.9,59.53
2022-11-10,0.0,41.64,30.65,1006.23,16.54,58.24
2022-11-11,0.0,42.28,31.63,1007.79,19.23,58.32
2022-11-12,0.0,44.56,38.32,1006.69,9.78,46.47
2022-11-13,0.36,43.89,31.96,1008.83,17.36,46.69
2022-11-14,3.16,41.0,29.83,1008.1,15.14,45.45
2022-11-15,0.0,41.09,34.82,1009.09,14.88,45.6
2022-11-16,0.0,41.91,29.93,1007.64,10.79,47.3
2022-11-17,0.0,43.06,33.7,1007.68,20.15,51.53
2022-11-18,0.0,41.17,32.35,1007.59,17.42,49.71
2022-11-19,0.0,41.98,33.8,1008.7,12.51,56.47
2022-11-20,0.0,43.19,33.34,1006.06,19.57,46.13
2022-11-21,0.0,44.43,35.8,1008.28,11.64,58.28
2022-11-22,0.0,40.42,31.74,1009.71,15.25,57.65
2022-11-23,0.0,42.35,35.38,1010.78,15.89,53.5
2022-11-24,0.0,42.33,36.21,1006.93,12.91,65.13
2022-11-25,0.0,37.72,29.23,1009.98,12.46,59.49
2022-11-26,2.72,38.5,30.55,1009.05,16.17,58.99
2022-11-27,0.0,39.03,27.97,1007.96,14.58,55.47
2022-11-28,0.0,44.96,33.1,1009.74,13.19,55.41
2022-11-29,0.0,41.38,31.35,1010.01,10.31,59.74
2022-11-30,0.0,39.74,30.01,1007.29,12.85,51.97
2022-12-01,0.0,40.19,28.54,1004.92,12.36,48.25
2022-12-02,0.0,41.14,29.65,1008.36,11.88,58.6
2022-12-03,1.21,41.19,31.22,1006.82,13.04,47.56
2022-12-04,0.0,36.91,30.52,1005.0,18.25,52.37
2022-12-05,0.0,36.96,26.74,1005.28,18.18,53.59
2022-12-06,0.0,40.64,33.52,1006.73,23.45,60.53
2022-12-07,0.0,36.47,29.09,1007.55,13.77,55.44
2022-12-08,0.0,41.06,32.22,1007.03,10.12,48.07
2022-12-09,0.0,43.32,31.94,1008.64,13.13,58.38
2022-12-10,0.0,39.63,28.26,1007.6,11.15,50.29
2022-12-11,0.0,37.44,27.08,1011.07,14.93,58.51
2022-12-12,0.0,39.37,32.47,1008.32,14.4,50.73
2022-12-13,0.37,37.39,27.76,1006.51,15.79,58.53
2022-12-14,0.0,37.97,27.72,1005.07,8.85,59.13
2022-12-15,0.0,39.31,32.52,1007.59,10.64,58.21
2022-12-16,0.0,39.72,33.02,1005.93,12.9,55.88
2022-12-17,1.78,40.45,28.78,1007.82,15.93,62.3
2022-12-18,0.0,40.06,30.45,1007.77,9.61,57.16
2022-12-19,7.26,37.88,31.19,1004.78,15.22,58.1
2022-12-20,0.0,37.44,28.04,1008.77,11.18,52.27
2022-12-21,0.0,35.59,28.57,1005.67,16.86,53.5
2022-12-22,0.0,38.23,27.05,1007.55,16.0,47.27
2022-12-23,0.0,38.96,29.42,1008.34,12.83,62.4
2022-12-24,0.0,35.93,25.56,1007.0,14.92,54.74
2022-12-25,0.0,39.99,31.39,1007.04,13.7,59.13
2022-12-26,0.0,35.35,28.16,1007.72,18.57,52.78
2022-12-27,0.0,36.1,27.21,1009.46,13.94,55.51
2022-12-28,0.47,40.59,29.87,1010.35,16.62,51.24
2022-12-29,0.0,39.17,32.29,1005.09,17.06,54.37
2022-12-30,0.0,38.7,31.55,1009.72,14.59,68.44
2022-12-31,0.0,37.57,31.14,1006.53,13.45,50.64
2023-01-01,0.0,37.52,26.98,1009.0,19.58,56.38
2023-01-02,0.0,37.92,26.93,1009.04,11.66,53.68
2023-01-03,0.0,37.72,30.56,1007.64,14.52,55.23
2023-01-04,0.0,37.72,28.75,1010.02,11.93,59.84
2023-01-05,0.0,36.97,28.06,1005.77,13.15,54.75
2023-01-06,0.0,38.33,32.18,1006.31,14.51,54.82
2023-01-07,1.38,38.59,27.37,1007.49,13.79,54.84
2023-01-08,0.0,39.81,33.62,1006.22,15.2,51.06
2023-01-09,0.0,40.73,33.63,1007.13,18.48,58.62
2023-01-10,0.0,37.88,29.54,1009.74,20.16,62.71
2023-01-11,1.29,34.93,24.36,1005.4,16.45,55.25
2023-01-12,0.0,39.73,30.45,1007.39,12.05,55.34
2023-01-13,0.0,38.28,28.23,1007.48,15.67,44.84
2023-01-14,0.0,34.28,28.03,1006.16,17.2,56.48
2023-01-15,0.0,38.19,29.94,1010.07,15.3,51.28
2023-01-16,0.0,39.7,33.04,1008.63,14.6,61.06
2023-01-17,0.0,38.68,27.24,1007.51,21.73,55.87
2023-01-18,0.0,36.31,27.61,1010.07,14.99,41.41
2023-01-19,0.0,37.6,30.52,1008.1,16.5,57.99
2023-01-20,0.0,38.75,27.59,1011.02,13.6,55.57
2023-01-21,0.0,33.19,21.97,1007.2,17.97,53.54
2023-01-22,0.0,36.15,29.55,1007.73,11.53,59.68
2023-01-23,0.0,35.58,24.89,1007.28,15.23,50.13
2023-01-24,0.0,37.98,31.33,1008.86,15.33,53.6
2023-01-25,0.0,38.71,30.22,1009.79,13.09,64.97
2023-01-26,0.0,33.33,22.09,1006.5,14.22,62.2
2023-01-27,0.61,33.45,22.43,1010.32,17.92,52.51
2023-01-28,0.0,37.3,29.86,1007.66,13.49,54.67
2023-01-29,0.0,35.93,28.28,1006.33,13.73,63.05
2023-01-30,0.0,36.98,25.51,1007.79,15.85,56.73
2023-01-31,0.0,38.37,28.63,1005.71,6.54,52.71
2023-02-01,0.0,34.87,24.5,1009.91,12.53,53.59
2023-02-02,0.0,34.85,23.96,1007.93,17.16,45.79
2023-02-03,0.48,35.73,24.03,1009.3,16.44,52.98
2023-02-04,0.0,37.59,26.9,1008.8,16.9,45.57
2023-02-05,0.0,33.3,25.9,1007.38,11.9,49.84
2023-02-06,0.0,32.04,25.05,1008.27,14.05,46.99
2023-02-07,0.0,34.85,28.5,1008.98,11.32,60.99
2023-02-08,0.0,35.96,25.33,1005.49,13.59,56.23
2023-02-09,0.0,36.39,24.98,1007.9,11.06,54.94
2023-02-10,0.0,35.52,23.83,1006.51,17.18,56.47
2023-02-11,2.92,32.03,23.61,1007.21,15.39,53.5
2023-02-12,0.0,33.17,21.98,1007.45,22.31,53.74
2023-02-13,0.0,32.0,21.53,1007.44,11.2,58.37
2023-02-14,0.0,29.19,18.94,1006.05,18.49,61.39
2023-02-15,0.0,32.42,23.79,1006.23,12.73,56.99
2023-02-16,0.11,33.46,24.26,1007.53,15.32,58.29
2023-02-17,0.0,34.72,23.86,1004.22,19.82,55.46
2023-02-18,2.08,33.42,23.61,1005.54,12.24,52.07
2023-02-19,0.0,32.73,23.45,1007.42,15.26,59.23
2023-02-20,0.0,37.6,27.23,1008.74,16.49,56.86
2023-02-21,0.0,30.79,20.94,1010.8,17.23,54.57
2023-02-22,0.0,31.84,23.47,1007.9,12.61,49.51
2023-02-23,0.0,34.67,28.36,1007.13,12.65,52.97
2023-02-24,0.0,39.39,32.06,1008.91,11.61,60.37
2023-02-25,0.0,32.33,21.59,1010.89,12.28,59.36
2023-02-26,0.0,33.73,22.92,1007.14,14.1,55.11
2023-02-27,0.0,34.18,23.51,1006.69,14.09,54.19
2023-02-28,0.0,32.61,20.77,1009.45,15.83,53.34
2023-03-01,0.0,34.47,27.75,1010.32,7.52,57.41
2023-03-02,0.0,34.25,28.16,1008.28,12.81,56.55
2023-03-03,0.05,36.47,24.55,1010.12,9.06,50.01
2023-03-04,0.0,32.93,23.12,1010.0,13.91,60.82
2023-03-05,0.0,32.36,24.9,1008.5,15.6,46.1
2023-03-06,0.0,32.7,25.96,1008.24,7.65,54.95
2023-03-07,0.0,32.02,25.63,1008.55,19.06,51.55
2023-03-08,0.0,33.19,24.61,1010.27,10.14,57.24
2023-03-09,0.0,34.67,23.73,1007.29,13.08,53.98
2023-03-10,0.0,34.79,28.77,1007.41,13.91,52.99
2023-03-11,0.0,34.58,28.11,1010.71,12.9,49.46
2023-03-12,3.93,31.61,22.71,1007.5,16.66,54.16
2023-03-13,0.0,32.26,24.62,1009.49,19.2,56.92
2023-03-14,0.0,35.01,23.93,1008.77,14.88,55.57
2023-03-15,0.0,32.29,25.11,1009.27,8.06,65.13
2023-03-16,0.0,32.66,22.15,1007.34,13.15,51.82
2023-03-17,0.0,31.04,19.88,1008.57,16.48,54.48
2023-03-18,0.0,31.76,25.74,1007.35,11.08,55.4
2023-03-19,0.0,29.96,22.91,1008.95,12.86,58.7
2023-03-20,0.0,35.32,28.84,1006.03,16.33,51.34
2023-03-21,0.0,32.85,21.63,1009.11,15.14,54.8
2023-03-22,0.0,34.58,23.5,1007.5,15.61,48.75
2023-03-23,4.53,35.93,24.8,1004.94,14.97,58.46
2023-03-24,3.46,29.71,21.85,1010.93,8.48,56.2
2023-03-25,0.0,35.13,25.87,1008.18,15.75,52.82
2023-03-26,0.0,34.07,25.93,1006.14,13.51,60.98
2023-03-27,0.0,32.6,20.7,1006.77,12.7,56.96
2023-03-28,0.0,35.37,24.82,1006.0,14.2,63.33
2023-03-29,0.0,30.95,21.57,1007.74,19.54,59.95
2023-03-30,0.0,29.32,17.45,1006.82,12.79,59.15
2023-03-31,0.0,30.78,19.04,1007.6,16.94,53.75
2023-04-01,1.98,36.7,30.39,1009.67,17.1,48.4
2023-04-02,0.0,34.91,27.27,1011.26,12.31,53.01
2023-04-03,0.0,30.62,23.56,1008.66,15.12,57.86
2023-04-04,0.0,29.95,18.08,1007.1,12.07,59.82
2023-04-05,0.0,31.41,22.85,1009.53,13.94,54.91
2023-04-06,0.0,34.58,22.61,1007.15,13.85,50.95
2023-04-07,0.0,34.37,26.27,1009.12,20.73,49.55
2023-04-08,0.0,34.15,26.53,1007.66,20.84,51.33
2023-04-09,0.0,31.9,25.21,1007.5,17.66,51.46
2023-04-10,0.0,34.0,23.98,1008.16,13.68,48.48
2023-04-11,0.0,32.32,23.74,1007.16,10.6,54.8
2023-04-12,0.0,29.86,23.78,1009.13,13.45,51.42
2023-04-13,1.18,34.68,27.29,1011.14,17.74,47.48
2023-04-14,0.0,33.79,25.62,1010.38,16.63,53.44
2023-04-15,11.05,35.64,29.42,1009.04,15.7,70.62
2023-04-16,0.81,33.41,24.93,1009.41,14.77,53.35
2023-04-17,0.0,33.62,25.02,1011.63,9.72,57.5
2023-04-18,0.0,29.82,21.12,1009.19,12.65,57.03
2023-04-19,0.0,30.9,20.14,1009.7,15.09,52.45
2023-04-20,0.03,33.62,25.51,1009.34,15.77,48.29
2023-04-21,0.0,31.56,22.61,1011.06,12.02,56.51
2023-04-22,0.0,33.18,22.47,1005.89,7.71,54.08
2023-04-23,2.0,34.82,22.95,1005.69,13.85,54.14
2023-04-24,0.0,32.79,20.83,1009.06,17.37,58.38
2023-04-25,0.0,36.26,26.68,1008.25,15.82,45.79
2023-04-26,0.0,36.35,29.75,1007.26,12.22,61.37
2023-04-27,1.13,31.63,20.09,1008.34,11.27,61.44
2023-04-28,0.0,34.77,24.74,1010.23,13.2,42.82
2023-04-29,0.0,32.76,25.01,1005.92,16.28,58.82
2023-04-30,0.0,29.83,17.9,1005.71,8.98,53.96
2023-05-01,0.0,31.98,23.68,1008.31,14.37,58.07
2023-05-02,0.0,33.19,24.16,1008.67,16.32,62.43
2023-05-03,0.0,35.99,28.7,1006.29,10.15,53.34
2023-05-04,245.21,34.68,27.84,993.19,71.34,100.0
2023-05-05,0.0,34.73,22.82,1006.16,11.75,53.5
2023-05-06,0.0,32.94,22.98,1008.58,10.54,48.58
2023-05-07,0.0,33.11,22.37,1008.55,16.77,57.03
2023-05-08,0.0,31.05,20.18,1008.28,12.43,57.02
2023-05-09,0.0,36.38,30.08,1005.84,10.77,56.68
2023-05-10,0.0,35.62,29.32,1007.26,9.07,48.47
2023-05-11,0.0,34.59,23.18,1010.72,16.11,46.13
2023-05-12,0.0,31.33,20.8,1007.68,15.7,54.7
2023-05-13,0.0,34.58,23.35,1008.7,12.63,60.36
2023-05-14,1.92,35.81,26.64,1006.63,9.78,52.57
2023-05-15,0.11,33.82,21.98,1008.53,14.57,50.25
2023-05-16,0.0,34.31,27.41,1008.56,19.92,53.12
2023-05-17,0.0,31.39,21.51,1008.93,14.47,59.88
2023-05-18,0.0,30.39,23.3,1007.69,15.99,52.45
2023-05-19,0.0,33.7,27.67,1007.53,14.34,55.01
2023-05-20,0.0,35.25,29.16,1008.59,12.28,59.55
2023-05-21,0.0,29.75,22.02,1006.44,15.57,51.73
2023-05-22,0.0,32.75,25.45,1006.78,14.47,49.49
2023-05-23,0.0,32.52,24.54,1009.52,10.68,61.67
2023-05-24,0.0,34.06,23.08,1007.64,12.8,57.52
2023-05-25,208.21,34.03,27.64,993.55,68.11,100.0
2023-05-26,0.0,33.35,26.9,1007.42,18.67,56.23
2023-05-27,0.0,32.73,20.83,1010.25,14.96,55.58
2023-05-28,0.0,35.32,24.56,1006.16,10.46,42.53
2023-05-29,0.0,34.11,23.06,1008.2,10.67,63.56
2023-05-30,184.67,32.95,25.8,997.59,58.8,100.0
2023-05-31,2.17,37.92,30.39,1009.24,16.42,55.13
2023-06-01,6.88,35.94,25.86,994.32,18.52,85.91
2023-06-02,18.66,37.51,27.83,992.99,24.55,89.26
2023-06-03,28.4,38.45,30.96,994.95,23.06,91.97
2023-06-04,13.65,35.35,25.86,995.32,17.23,86.33
2023-06-05,3.64,35.27,26.02,995.65,12.41,81.92
2023-06-06,45.33,37.25,29.95,994.1,22.84,92.23
2023-06-07,40.56,37.21,27.38,994.1,20.35,84.61
2023-06-08,176.51,39.53,30.18,982.32,57.55,100.0
2023-06-09,17.82,35.72,26.09,996.88,17.5,90.05
2023-06-10,1.0,37.13,27.24,995.56,15.42,77.13
2023-06-11,37.23,34.13,25.98,992.59,23.75,97.24
2023-06-12,37.52,39.9,32.61,994.21,25.92,96.28
2023-06-13,14.86,39.78,29.2,993.76,14.2,84.9
2023-06-14,6.39,36.14,29.06,996.74,14.48,75.04
2023-06-15,9.62,39.47,31.87,995.71,21.33,89.91
2023-06-16,29.8,38.68,28.13,993.53,19.41,89.41
2023-06-17,159.52,36.47,25.95,985.82,56.88,100.0
2023-06-18,38.31,38.69,30.31,994.98,23.9,86.14
2023-06-19,71.21,37.98,29.42,990.32,36.44,100.0
2023-06-20,20.26,38.55,31.64,997.0,18.95,82.43
2023-06-21,8.39,35.7,24.44,996.15,17.61,81.81
2023-06-22,17.1,36.58,26.61,994.5,15.18,87.82
2023-06-23,184.91,36.75,27.39,985.09,61.06,100.0
2023-06-24,72.97,37.88,30.04,993.47,30.23,98.41
2023-06-25,27.73,37.0,29.6,991.81,23.17,91.1
2023-06-26,38.6,36.76,29.64,997.65,22.82,95.75
2023-06-27,2.68,36.73,30.56,994.16,14.05,81.66
2023-06-28,1.57,36.89,25.64,997.52,12.42,77.08
2023-06-29,4.57,41.48,30.91,993.76,21.6,87.22
2023-06-30,76.64,40.59,30.92,990.08,31.84,99.3
2023-07-01,17.66,37.73,27.65,997.34,19.25,79.17
2023-07-02,262.53,33.84,26.08,979.24,81.1,100.0
2023-07-03,87.09,42.2,33.59,990.44,33.76,100.0
2023-07-04,225.93,37.15,29.21,983.43,77.99,100.0
2023-07-05,9.49,37.74,31.73,995.24,16.75,83.99
2023-07-06,91.15,36.03,26.73,990.59,37.76,100.0
2023-07-07,75.79,36.76,28.65,991.04,31.65,99.17
2023-07-08,15.13,39.81,31.41,995.44,15.94,82.41
2023-07-09,53.88,36.31,27.61,992.54,27.98,97.73
2023-07-10,207.83,37.82,26.55,981.42,59.78,100.0
2023-07-11,6.53,37.66,30.35,999.0,16.48,83.45
2023-07-12,20.56,41.94,33.9,994.94,20.12,81.99
2023-07-13,30.64,38.39,31.94,995.48,21.43,93.94
2023-07-14,27.33,36.23,25.7,994.7,21.55,97.05
2023-07-15,101.37,36.6,24.88,988.29,41.27,100.0
2023-07-16,20.41,39.13,32.49,995.08,22.34,88.03
2023-07-17,264.07,42.23,31.35,982.98,80.89,100.0
2023-07-18,22.53,39.4,31.07,996.44,17.91,89.49
2023-07-19,19.77,38.76,27.13,992.71,13.2,83.11
2023-07-20,16.26,41.94,33.23,995.81,18.49,93.54
2023-07-21,11.57,40.57,34.23,997.89,15.29,81.37
2023-07-22,9.3,37.94,28.77,993.79,17.35,83.53
2023-07-23,2.5,40.51,32.75,997.43,19.68,79.52
2023-07-24,101.41,38.93,32.57,990.69,38.09,100.0
2023-07-25,36.72,40.01,28.45,991.39,21.51,97.99
2023-07-26,112.9,41.1,34.0,988.07,39.5,100.0
2023-07-27,71.03,40.1,33.95,991.44,31.88,100.0
2023-07-28,129.71,40.52,29.32,988.76,45.15,100.0
2023-07-29,314.68,40.81,30.98,975.19,90.39,100.0
2023-07-30,89.44,40.63,32.14,992.42,36.54,100.0
2023-07-31,56.46,41.51,35.49,995.52,26.36,95.18
2023-08-01,10.18,38.75,32.49,995.13,17.83,94.99
2023-08-02,16.44,40.04,30.19,996.86,23.77,82.11
2023-08-03,5.46,40.68,29.12,996.25,13.76,84.1
2023-08-04,24.74,42.46,34.73,993.53,23.85,81.08
2023-08-05,26.36,41.3,32.88,995.32,19.85,91.32
2023-08-06,22.0,43.17,33.25,995.36,17.18,85.94
2023-08-07,18.53,41.34,31.17,994.79,14.85,85.54
2023-08-08,12.33,40.7,31.93,994.65,15.13,80.86
2023-08-09,6.28,42.85,34.53,997.72,14.04,80.88
2023-08-10,156.35,42.53,34.55,990.48,54.8,100.0
2023-08-11,6.46,39.32,33.19,995.8,16.35,77.73
2023-08-12,34.02,39.24,29.56,994.77,27.81,87.15
2023-08-13,148.65,39.75,33.2,984.87,52.15,100.0
2023-08-14,80.87,43.33,35.75,992.33,30.49,100.0
2023-08-15,1.8,41.7,32.14,994.19,11.68,83.04
2023-08-16,140.1,42.05,31.89,985.61,41.55,100.0
2023-08-17,13.72,43.02,32.48,993.89,12.35,82.74
2023-08-18,94.69,41.52,32.5,990.2,36.36,100.0
2023-08-19,76.6,40.45,31.04,991.1,36.62,100.0
2023-08-20,154.54,39.62,33.59,985.94,61.39,100.0
2023-08-21,48.79,42.26,31.21,994.14,26.24,96.57
2023-08-22,31.48,41.79,33.91,993.36,24.73,93.76
2023-08-23,12.51,41.64,34.24,996.63,21.98,82.46
2023-08-24,3.25,41.81,30.84,994.93,17.98,87.69
2023-08-25,31.4,42.62,33.72,992.31,20.56,99.81
2023-08-26,11.58,40.71,34.14,994.04,16.01,84.99
2023-08-27,5.78,44.49,34.19,993.82,17.02,84.2
2023-08-28,0.61,41.19,34.15,994.53,18.85,85.92
2023-08-29,10.68,40.79,29.67,997.97,12.66,88.26
2023-08-30,22.83,41.79,34.04,996.07,20.28,81.0
2023-08-31,3.4,40.6,34.04,997.75,10.39,83.46
2023-09-01,21.53,45.44,36.19,996.71,13.57,89.09
2023-09-02,17.23,42.4,35.78,998.39,18.02,80.11
2023-09-03,61.2,40.18,30.76,994.24,35.25,97.08
2023-09-04,1.45,40.43,28.67,994.11,12.67,77.7
2023-09-05,19.97,45.6,34.46,994.01,16.31,80.06
2023-09-06,12.35,42.39,32.31,994.96,11.63,95.05
2023-09-07,21.74,42.73,31.32,990.48,21.25,86.55
2023-09-08,207.63,41.85,34.3,984.61,61.31,100.0
2023-09-09,13.04,40.47,29.39,995.81,16.95,92.73
2023-09-10,53.63,42.76,34.01,992.55,30.13,98.85
2023-09-11,98.11,42.31,35.35,990.31,37.09,100.0
2023-09-12,16.53,40.32,30.56,995.63,14.72,83.37
2023-09-13,158.04,40.59,34.32,990.72,49.88,100.0
2023-09-14,17.8,45.34,34.04,992.95,19.65,85.49
2023-09-15,3.63,42.65,36.19,997.04,16.59,80.75
2023-09-16,32.79,41.67,31.03,995.72,19.63,85.91
2023-09-17,3.2,43.23,34.88,993.03,14.49,84.39
2023-09-18,42.21,38.87,28.38,991.88,25.1,96.14
2023-09-19,7.21,45.46,34.47,992.73,17.47,81.12
2023-09-20,25.39,42.33,31.33,992.65,24.25,86.05
2023-09-21,30.02,45.36,37.95,994.36,17.96,90.02
2023-09-22,25.37,42.23,36.07,991.4,21.16,86.61
2023-09-23,15.69,41.38,30.69,995.4,17.97,87.93
2023-09-24,32.15,45.21,38.21,993.78,20.87,83.32
2023-09-25,34.88,45.84,38.49,992.58,19.74,94.78
2023-09-26,1.61,43.16,32.39,997.03,17.25,73.91
2023-09-27,19.13,44.69,38.42,996.22,13.94,99.88
2023-09-28,73.61,41.79,34.33,989.23,35.71,100.0
2023-09-29,49.8,41.33,29.84,993.15,21.46,89.46
2023-09-30,10.1,41.62,30.82,993.34,14.99,89.39
2023-10-01,0.0,44.37,34.87,1006.38,17.36,55.82
2023-10-02,0.0,45.71,38.41,1008.25,12.74,61.36
2023-10-03,0.0,43.06,36.68,1006.66,17.53,46.64
2023-10-04,0.0,40.06,31.33,1007.43,14.14,58.74
2023-10-05,0.0,42.6,30.79,1005.03,11.28,57.26
2023-10-06,0.0,41.45,35.32,1009.5,12.69,47.61
2023-10-07,0.0,38.39,29.06,1006.34,13.61,47.95
2023-10-08,0.4,45.98,38.61,1006.48,18.7,44.82
2023-10-09,0.0,42.88,32.4,1006.33,13.45,50.29
2023-10-10,95.37,39.15,28.08,1002.04,34.83,94.76
2023-10-11,0.0,45.43,34.34,1009.88,13.04,63.0
2023-10-12,0.0,36.87,27.0,1010.37,20.03,59.01
2023-10-13,0.0,43.5,33.41,1011.31,9.28,53.46
2023-10-14,179.59,43.65,35.48,997.34,55.07,100.0
2023-10-15,213.65,44.09,33.97,993.04,70.58,100.0
2023-10-16,0.0,42.31,30.48,1007.25,7.85,59.73
2023-10-17,0.0,43.58,32.48,1007.76,14.13,61.11
2023-10-18,2.13,42.69,36.45,1010.05,12.61,58.18
2023-10-19,7.34,40.81,34.03,1006.45,16.12,58.21
2023-10-20,0.0,40.75,31.39,1007.9,12.83,61.65
2023-10-21,0.0,42.32,35.06,1007.66,18.31,56.42
2023-10-22,1.56,41.05,33.73,1008.99,12.74,52.5
2023-10-23,0.0,40.98,29.52,1008.89,12.93,56.74
2023-10-24,0.0,43.07,33.15,1007.06,13.15,51.85
2023-10-25,0.0,40.84,34.37,1009.04,11.17,50.81
2023-10-26,2.14,44.52,37.42,1007.07,13.59,55.53
2023-10-27,9.51,42.4,35.88,1009.64,20.75,60.46
2023-10-28,0.0,43.59,32.78,1009.0,18.26,45.25
2023-10-29,0.0,39.74,32.17,1006.67,16.18,50.18
2023-10-30,0.0,40.23,32.72,1009.25,17.95,58.23
2023-10-31,0.0,42.5,31.05,1008.71,18.28,54.37
2023-11-01,0.0,40.43,33.69,1006.46,11.22,52.33
2023-11-02,0.0,42.08,32.17,1005.44,13.8,54.61
2023-11-03,0.0,45.31,37.86,1005.58,11.6,54.91
2023-11-04,165.0,40.11,29.98,997.67,56.44,100.0
2023-11-05,0.0,40.92,31.84,1008.57,11.69,52.49
2023-11-06,3.0,45.52,38.64,1004.17,15.49,50.55
2023-11-07,0.84,42.14,33.69,1009.54,10.86,50.01
2023-11-08,0.0,43.79,33.0,1009.82,16.06,47.94
2023-11-09,0.0,43.97,32.67,1005.94,11.99,54.24
2023-11-10,0.0,42.55,33.63,1008.2,20.29,52.71
2023-11-11,0.0,42.27,36.19,1008.88,15.91,49.87
2023-11-12,0.0,42.49,33.17,1007.73,16.41,63.15
2023-11-13,0.0,40.97,30.09,1007.18,17.27,56.91
2023-11-14,0.0,40.81,29.71,1008.81,14.72,49.63
2023-11-15,0.0,43.09,32.67,1008.93,13.71,58.89
2023-11-16,0.71,41.86,34.75,1006.27,15.15,61.11
2023-11-17,0.0,39.08,29.0,1008.65,12.79,62.52
2023-11-18,0.82,41.26,33.83,1007.83,17.52,42.86
2023-11-19,0.0,40.39,31.98,1008.34,10.0,61.54
2023-11-20,0.0,42.77,30.99,1009.38,9.67,55.5
2023-11-21,0.0,41.51,34.33,1008.34,9.0,59.95
2023-11-22,122.04,39.35,27.59,999.2,42.61,89.81
2023-11-23,2.25,40.03,28.86,1006.17,16.98,54.94
2023-11-24,0.0,40.62,34.09,1008.15,13.44,65.86
2023-11-25,0.0,43.79,34.79,1005.49,13.37,56.76
2023-11-26,0.0,41.45,33.8,1007.49,10.46,51.89
2023-11-27,0.0,43.3,31.98,1007.51,15.33,47.37
2023-11-28,0.0,42.01,35.2,1004.25,12.03,55.97
2023-11-29,0.0,38.26,28.23,1010.34,9.79,57.25
2023-11-30,0.0,39.84,27.93,1009.82,5.16,63.02
2023-12-01,0.0,42.56,35.29,1007.08,10.08,55.93
2023-12-02,0.0,42.84,36.11,1010.61,16.04,45.63
2023-12-03,4.03,39.93,29.45,1005.75,16.77,56.47
2023-12-04,0.0,41.12,30.95,1007.89,15.46,63.52
2023-12-05,0.0,41.48,31.28,1008.47,11.29,60.07
2023-12-06,0.0,38.68,29.31,1009.46,16.17,52.14
2023-12-07,4.42,37.55,28.3,1008.34,12.23,50.42
2023-12-08,0.0,40.05,31.82,1007.74,10.02,61.73
2023-12-09,0.0,41.69,35.0,1009.66,10.17,59.55
2023-12-10,1.34,37.32,27.09,1004.2,11.02,49.69
2023-12-11,2.9,35.85,25.62,1009.12,8.9,67.67
2023-12-12,0.0,42.44,34.71,1009.81,13.68,54.44
2023-12-13,0.0,39.04,32.02,1009.5,15.98,57.55
2023-12-14,0.0,41.49,35.4,1008.45,12.91,55.89
2023-12-15,0.0,35.48,24.26,1007.58,12.6,49.79
2023-12-16,0.0,38.54,29.02,1009.15,13.52,53.6
2023-12-17,0.95,38.5,29.13,1009.22,9.95,43.69
2023-12-18,0.0,40.92,32.4,1005.82,13.95,51.39
2023-12-19,0.0,39.93,29.58,1007.12,10.34,67.49
2023-12-20,0.0,40.29,29.41,1008.87,12.14,65.56
2023-12-21,0.0,40.14,31.81,1007.43,12.58,51.74
2023-12-22,0.0,40.49,31.36,1003.85,17.85,69.27
2023-12-23,0.0,36.8,25.43,1008.98,13.72,55.91
2023-12-24,0.0,39.53,28.2,1007.26,13.35,60.69
2023-12-25,0.0,37.61,25.64,1010.3,17.89,54.6
2023-12-26,0.0,37.94,26.24,1008.75,17.71,53.71
2023-12-27,0.0,39.42,32.16,1009.15,13.09,58.1
2023-12-28,0.0,35.82,27.67,1007.57,12.34,52.13
2023-12-29,1.68,38.8,27.45,1009.95,18.67,60.61
2023-12-30,0.0,41.83,35.41,1007.25,15.13,57.44
